Date,Close,High,Low,Open,Volume,SMA_20,SMA_50,RSI_14,MACD,MACD_Signal,Log_Return,Volume_Change
2018-03-14,6.139059543609619,6.183731420029194,6.076864161460417,6.156582578593625,505496000,6.00409460067749,5.7712532329559325,57.63265068652549,0.09669186315182365,0.09108617165013677,0.004149482696547419,-0.18438393473729053
2018-03-15,6.153867244720459,6.234819478970898,6.111910162003483,6.152633420557715,401952000,6.014053082466125,5.795989999771118,54.263558026595234,0.10012118900814393,0.09289317512173821,0.002409142839254494,-0.20483643787487937
2018-03-16,6.182004451751709,6.201008454512309,6.13264300212399,6.170157666181403,399456000,6.019153475761414,5.814817361831665,54.81720899176072,0.10391156408316071,0.09509685291402271,0.004561859351244837,-0.00620969668020066
2018-03-19,5.948031902313232,6.154114936098762,5.849309476824786,6.125238926743748,713772000,6.015835785865784,5.828412761688233,44.88266763580659,0.08703257691797361,0.0934839977148129,-0.038582171705080735,0.7868601297764961
2018-03-20,6.159791469573975,6.198539955665495,5.950993181224361,5.950993181224361,554696000,6.01664366722107,5.845350475311279,57.02372930390366,0.0897089760780947,0.09272899338746926,0.03498253251082709,-0.22286668572037005
2018-03-21,6.134615421295166,6.219516724241349,6.104257986101279,6.153372275365697,438688000,6.025528621673584,5.858528833389283,68.09021314291529,0.08877519976161086,0.09193823466229759,-0.004095534447971176,-0.2091379782799948
2018-03-22,5.969009876251221,6.117834224409769,5.9317423569067795,6.0714347105756685,551196000,6.025158452987671,5.868424682617188,55.58122391787749,0.0738212266923517,0.08831483306830841,-0.02736632640683441,0.2564647311984827
2018-03-23,5.749844074249268,5.985050156832077,5.7387377767779055,5.982582038422279,735620000,6.009165334701538,5.873078899383545,47.588110579111486,0.04378057154457338,0.07940798076356141,-0.0374083268560262,0.3345887851145508
2018-03-26,6.0339202880859375,6.035154112432693,5.822160535960724,5.873989631946145,611424000,6.006573867797852,5.883217287063599,51.915483476815545,0.04240687221582551,0.07200775905401423,0.04822419327016605,-0.1688317337755907
2018-03-27,5.565974235534668,6.17015588887546,5.4260352393156515,6.1146243917264735,1409000000,5.981226754188538,5.884539432525635,39.69696984481359,0.003518313025783648,0.05830986984836812,-0.0807248959983114,1.3044564819176219
2018-03-28,5.463056564331055,5.661488535439723,5.355695974165066,5.531668673764212,945904000,5.955743980407715,5.88521897315979,38.012339167325784,-0.035199982766426885,0.039607899325409125,-0.018663590753044797,-0.3286699787083037
2018-03-29,5.715786933898926,5.812287906499416,5.447014712459238,5.531175558931661,916628000,5.9549789190292355,5.888678979873657,42.26353977629864,-0.044972863290334786,0.022691746802260344,0.045223540549288385,-0.030950286709856445
2018-04-02,5.455651760101318,5.791308393318002,5.368035658877873,5.64544600505391,922092000,5.93586368560791,5.887074394226074,34.875165573631335,-0.07286869108875749,0.0035796592240567773,-0.04657989244457232,0.00596097871764778
2018-04-03,5.56178092956543,5.685184101680475,5.463058486022542,5.622248691029929,667432000,5.923153209686279,5.884795370101929,38.49328554847365,-0.08542783962213729,-0.014221840545182036,0.019266276503538377,-0.27617634682873293
2018-04-04,5.583745002746582,5.594110820550993,5.281653908568248,5.306581299585368,789168000,5.9035074472427365,5.881189632415771,38.40448583033682,-0.09254197192731795,-0.02988586682160922,0.003941330673346095,0.1823946109865875
2018-04-05,5.463797092437744,5.655071849370176,5.39247019266676,5.641991241895627,701240000,5.878259134292603,5.872609825134277,36.196738223492765,-0.10662960721182824,-0.045234614899653025,-0.021715712492965448,-0.11141860795166558
2018-04-06,5.2878241539001465,5.4692269132442615,5.258701006467194,5.3613725053149714,662988000,5.845026612281799,5.862044763565064,33.11273641045149,-0.13048950337549048,-0.06228559259482052,-0.03273713803171691,-0.05454908447892304
2018-04-09,5.316452980041504,5.478357897441791,5.296461359487049,5.350759030232859,499524000,5.80810432434082,5.851780939102173,37.06923129641276,-0.1454123133457106,-0.07891093674499854,0.005399499717872905,-0.2465564987601585
2018-04-10,5.62496280670166,5.651864510462041,5.489219051217735,5.546231532085034,761676000,5.781140756607056,5.844244041442871,39.46733863326517,-0.13083638269597753,-0.08929602593519434,0.05640798801338959,0.5248036130396136
2018-04-11,5.583745002746582,5.651369959907921,5.551166583719694,5.610153359377357,460244000,5.75464608669281,5.834146356582641,39.2195349370198,-0.12121351104720635,-0.09567952295759675,-0.007354637206580121,-0.39574832343411104
2018-04-12,5.790074348449707,5.807844522571264,5.632365171141594,5.676543700399584,593920000,5.737196826934815,5.830212631225586,46.553193459302136,-0.095833552564903,-0.09571032887905802,0.03628543361994522,0.29044593737235025
2018-04-13,5.713564395904541,5.861894905603004,5.665437254136983,5.853503395477916,503036000,5.715181684494018,5.823229303359986,49.26050852722582,-0.08096020748903943,-0.0927603046010543,-0.013302065965911302,-0.1530239762931035
2018-04-16,5.713318347930908,5.746637250650378,5.619285031639001,5.72022889331756,350792000,5.691747379302979,5.818855590820313,42.61008359655326,-0.06840430611423187,-0.08788910490368981,-4.3064758637394766e-05,-0.3026503073338688
2018-04-17,5.862636089324951,5.883861537842281,5.709863135630631,5.765394640750435,447224000,5.6874775886535645,5.8209114933013915,58.01547528034097,-0.04587613841747551,-0.07948651160644696,0.025799345418363633,0.2748979452210998
2018-04-18,5.833759784698486,5.904840019200666,5.744909844629974,5.812287664851153,391364000,5.67117600440979,5.832167186737061,60.43343623334943,-0.030006582460958775,-0.06959052577734932,-0.004937651496315388,-0.12490385131388293
2018-04-19,5.652849197387695,5.7530525512872455,5.597564848061312,5.7197336568648,471996000,5.6470876932144165,5.833944234848023,48.15398911218611,-0.031662828121404196,-0.062004986246160305,-0.031501994763527746,0.2060281477090382
2018-04-20,5.644705772399902,5.728372793002783,5.613608320710985,5.644211960307537,386200000,5.630872488021851,5.83396993637085,56.50696970761267,-0.033249244485491936,-0.05625383789402664,-0.0014416263377226009,-0.181772726887516
2018-04-23,5.525498867034912,5.713565029221949,5.4995843217869025,5.662476421553817,427508000,5.6196552276611325,5.837176008224487,48.76236472284836,-0.04362263728435867,-0.053727597772093044,-0.021344538432630296,0.10696012428793367
2018-04-24,5.459355354309082,5.646927720878305,5.394198508665177,5.551167230375891,414596000,5.59092698097229,5.831876659393311,45.88103143479889,-0.05652922083670742,-0.054287922385015924,-0.01204282019367939,-0.03020294357064668
2018-04-25,5.3473052978515625,5.468734138552372,5.190336572729784,5.42973851030669,588492000,5.579993534088135,5.826334218978882,46.122274055532365,-0.07493547489471108,-0.05841743288695496,-0.020737964437366967,0.4194348232978611
2018-04-26,5.55856990814209,5.566714747447893,5.4428178169536,5.508715131149812,375824000,5.584769201278687,5.822747831344604,58.80557072790361,-0.07164934634268061,-0.06106381557810009,0.03874811303968362,-0.36137789468675874
2018-04-27,5.585965156555176,5.683947540617219,5.543761408755277,5.6642030614143914,400848000,5.578278112411499,5.815373182296753,58.77248966313619,-0.06607285149155384,-0.06206562276079084,0.004916365453400077,0.06658435863595735
2018-04-30,5.550673007965088,5.651863541956234,5.5314223371501665,5.602255428496605,327844000,5.583029174804688,5.804786710739136,47.058770225119794,-0.06376616394311085,-0.06240573099725485,-0.006338046762688793,-0.18212389733764422
2018-05-01,5.605957984924316,5.608672774903444,5.4840353406024684,5.542528778860917,253788000,5.585238027572632,5.796618156433105,50.869752897869375,-0.05682205258569617,-0.06128899531494311,0.009910774949391236,-0.2258879223045107
2018-05-02,5.585473537445068,5.6469279713493705,5.559311847293387,5.602503232504488,268248000,5.585324454307556,5.785454950332642,40.62432672553825,-0.05236805171899306,-0.05950480659575311,-0.003660741758434926,0.0569766892051633
2018-05-03,5.750338554382324,5.776500238111336,5.572144418313135,5.617310099741476,443144000,5.599651527404785,5.781323394775391,51.55891267251008,-0.03513003770342937,-0.05462985281728837,0.029089515804985047,0.6519936774924697
2018-05-04,5.90015172958374,5.9033603321511885,5.704434504900312,5.7217108714239835,400660000,5.630267906188965,5.7797981643676755,57.028841682883574,-0.009273220293932738,-0.04555852631261725,0.025719335360630115,-0.09586951419854495
2018-05-07,6.137578010559082,6.194590478154697,5.994677070919185,6.004549547163417,687616000,5.671324157714844,5.781155595779419,59.70047708726097,0.030030635934262584,-0.030440693863241285,0.03945213605831915,0.716208256376978
2018-05-08,6.180027961730957,6.1827427510599895,6.088956124040199,6.137823744199299,506616000,5.699077415466308,5.783041162490845,62.10109853192461,0.06386834690813625,-0.011578885708965779,0.006892592493378772,-0.2632283134772897
2018-05-09,6.312809944152832,6.31503139243186,6.172870941958519,6.200019779667379,596760000,5.735530662536621,5.787839031219482,73.86662509665373,0.1002438245092625,0.010785656334679879,0.021258097448625977,0.17793358283196747
2018-05-10,6.42017126083374,6.429302783500902,6.347856737812733,6.365626912529854,994080000,5.767035508155823,5.796788215637207,76.1659878472172,0.1361651860743276,0.03586156228260942,0.0168639000284705,0.6657952945907903
2018-05-11,6.281960487365723,6.411780841193314,6.183485203739903,6.238769573494749,1214456000,5.7954553127288815,5.807805662155151,75.2015517298897,0.1517316021113384,0.05903557024835522,-0.02176268220933936,0.22168839530017714
2018-05-14,6.302445888519287,6.379696668096052,6.278752787315298,6.319969396741228,523140000,5.8249116897583,5.81709545135498,78.96889048508325,0.163832540100036,0.07999496421869139,0.003255683047132474,-0.5692392313924918
2018-05-15,6.06057596206665,6.241732088008999,5.9603725617833705,6.239016826815854,963528000,5.834808683395385,5.821987161636352,72.50086117290998,0.15215182741005773,0.09442633685696465,-0.039132955515966336,0.8418167221011583
2018-05-16,6.071681499481201,6.133629742702751,5.985299203823298,6.02207338246265,553828000,5.846704769134521,5.823887586593628,68.52620919216402,0.14215225974117818,0.10397152143380736,0.001830745935215079,-0.4252081932232379
2018-05-17,6.113638401031494,6.207177910542902,6.057366410452623,6.073408950623425,519784000,5.869744229316711,5.826785087585449,68.85371698715622,0.13604486115286374,0.11038618937761865,0.006886494192307494,-0.061470348194746394
2018-05-18,6.069952964782715,6.228649299168576,6.065016726733699,6.165467240974338,483716000,5.891006588935852,5.8291346549987795,68.44320640199219,0.1262246153655031,0.11355387457519556,-0.007171222696571415,-0.0693903621504317
2018-05-21,6.027995586395264,6.170896516890969,5.935443245883082,6.167194573909057,640624000,5.9161314249038695,5.828596591949463,65.13272381403107,0.11374520611241135,0.11359214088263872,-0.0069363076611230964,0.3243804215696813
2018-05-22,5.989989280700684,6.066499105298722,5.929521527380091,6.041325038578141,518264000,5.9426631212234495,5.825111694335938,64.32446159857379,0.09963980745572254,0.11080167419725549,-0.006324925986733292,-0.19100127375808584
2018-05-23,6.11322021484375,6.114455273058823,5.933187163680392,5.9339281044020975,442956000,5.980958867073059,5.825103330612182,63.24055767005102,0.09728346071952121,0.10809803150170864,0.020364051825974564,-0.1453081827022521
2018-05-24,6.1169257164001465,6.159156049041339,6.056421040337045,6.109517249719566,437372000,6.008876657485962,5.824660654067993,58.85345664336427,0.0946242722529842,0.10540327965196376,0.0006059619714455909,-0.012606218224834986
2018-05-25,6.156191349029541,6.172490632698799,6.093957977403313,6.129519836755912,292112000,6.03738796710968,5.824707136154175,50.907018255615796,0.09459482437923317,0.10324158859741764,0.006398662440950987,-0.33212002597331336
2018-05-29,6.139151573181152,6.2070656526294306,6.092476541050969,6.138163809104283,352684000,6.066811895370483,5.823850078582764,47.95753432621315,0.09213445062836989,0.10102016100360808,-0.0027717464840649624,0.20735882127403182
2018-05-30,6.247814655303955,6.2564581811919835,6.148043401603949,6.1727393917283875,390996000,6.098904728889465,5.829845733642578,46.672177839324085,0.09782512218232231,0.10038115323935093,0.01754519510570445,0.10862982159667012
2018-05-31,6.228056907653809,6.302391688798334,6.205336920873894,6.215955973450218,493868000,6.131033897399902,5.831211042404175,39.194193031702405,0.09959269270768889,0.10022346113301853,-0.003167356135105185,0.2631024358305456
2018-06-01,6.362154006958008,6.368328355355675,6.264111496720964,6.272755019233718,421968000,6.1616246700286865,5.835761814117432,54.53159489894462,0.11053978645174212,0.10228672619676325,0.021302609033878116,-0.1455854600824512
2018-06-04,6.540706157684326,6.5626852005448795,6.364130518907523,6.39623496639572,642024000,6.193652391433716,5.847195739746094,61.42304030988896,0.1321003330447459,0.10824944756635978,0.027678134469196446,0.5214992606074393
2018-06-05,6.546138286590576,6.583676137630654,6.499215972790479,6.543915464738218,391712000,6.214080405235291,5.86312162399292,80.10471482799807,0.1479204144985129,0.1161836409527904,0.0008301663921130274,-0.38987950606207866
2018-06-06,6.548114776611328,6.551325362746618,6.4399468512980045,6.456246134167638,371356000,6.232484745979309,5.873405513763427,79.87692234086771,0.15878703120043003,0.12470431900231833,0.00030188664083745045,-0.051966751082427876
2018-06-07,6.492548942565918,6.55626418806795,6.40240854016811,6.544410079361371,369448000,6.241471695899963,5.891937007904053,73.36255736760248,0.1610586212715246,0.1319751794561596,-0.00852198500430229,-0.005137926948803884
2018-06-08,6.477236747741699,6.519713416624523,6.401173284021823,6.419942209006076,360456000,6.244324970245361,5.912220611572265,76.02245252115587,0.1597814455717712,0.13753643267928192,-0.0023612112495981024,-0.024339013880167126
2018-06-11,6.436243057250977,6.506132190042861,6.4234011828715065,6.464643274833833,265372000,6.252039098739624,5.926629734039307,76.11618595463084,0.15368978621718554,0.14076710338686266,-0.006348997917455128,-0.26378809064074393
2018-06-12,6.484647274017334,6.496748208520087,6.4125353135309435,6.462668227507684,319160000,6.261149168014526,5.947209644317627,81.22854750059756,0.15102697311769386,0.1428190773330289,0.007492431552657699,0.20268905536379123
2018-06-13,6.4802021980285645,6.560957684380621,6.471064555678711,6.486129253737014,338208000,6.282130479812622,5.96557806968689,77.25610468719566,0.1468650254751962,0.14362826696146236,-0.0006857119587122513,0.0596816643689686
2018-06-14,6.591578960418701,6.648132562242383,6.5103293782680725,6.525147249086228,430016000,6.308125352859497,5.985734748840332,80.39212812677849,0.1508153207553562,0.14506567772024115,0.017041205994768563,0.27145425300406845
2018-06-15,6.5508317947387695,6.605656702720537,6.503662646855872,6.53453251050194,432260000,6.329985022544861,6.007475442886353,75.22104422712991,0.1489411021798137,0.14584076261215567,-0.006200886124020309,0.005218410477749735
2018-06-18,6.546634197235107,6.564168069516637,6.479708352578316,6.506873513451628,356268000,6.353819084167481,6.032651643753052,76.47637289061925,0.1454405117322466,0.14576071243617386,-0.0006409785908130262,-0.17580160088835428
2018-06-19,6.425129413604736,6.510824177560597,6.297945737501037,6.4436510475121525,594932000,6.373675775527954,6.054825172424317,61.33200140912543,0.13134775286711697,0.14287812052236248,-0.018734281783050543,0.6699001874992982
2018-06-20,6.4779791831970215,6.530828090550254,6.427846273595946,6.4661250729939725,369780000,6.398075270652771,6.071885499954224,65.32410052317567,0.12302551312126297,0.1389075990421426,0.008191834508847846,-0.3784499741146887
2018-06-21,6.349560737609863,6.528111926651796,6.341904977372701,6.509837114006674,359516000,6.409892296791076,6.08720181465149,49.22242295480454,0.10485903318099066,0.13209788586991222,-0.020022971950231727,-0.02775704472929852
2018-06-22,6.197432994842529,6.383640391929357,6.182121947314975,6.370304401232539,434160000,6.413917660713196,6.095348987579346,28.08946632838409,0.07729551490810138,0.12113741167755006,-0.024250462106572345,0.2076235828168982
2018-06-25,5.905282020568848,6.094946389709086,5.8168707737489385,6.091242156538294,665816000,6.401372194290161,6.099183340072631,20.055425312853558,0.0315138144398972,0.1032126922300195,-0.048287965094735805,0.533572876358946
2018-06-26,5.976158142089844,6.066545376346424,5.924790646805313,6.0183884672763535,478884000,6.393222522735596,6.1044401359558105,24.89150521185266,0.0009397646281357197,0.08275810670964276,0.011930702215790418,-0.28075624496857987
2018-06-27,5.821315288543701,6.08580805821022,5.8158818800001555,6.019623159983516,453892000,6.371897554397583,6.103613719940186,22.8958180340135,-0.035377109035793275,0.05913106356055556,-0.026251679541268082,-0.052188003775444525
2018-06-28,5.948252201080322,5.960106311235396,5.803780999000029,5.811436758848651,338012000,6.357907319068909,6.105903568267823,30.406123593064635,-0.05330132063240711,0.036644586721963024,0.021571197882081602,-0.2553030236267658
2018-06-29,5.8504557609558105,6.025796332521215,5.84922070282554,6.013201754227096,392300000,6.332322406768799,6.109855699539184,29.178297979227864,-0.07453850932193973,0.014407967513182476,-0.01657786262283408,0.16060968249647933
2018-07-02,5.982334136962891,5.9860383706682905,5.760564811546689,5.781062450652001,357572000,6.304403805732727,6.116608266830444,33.145540146473564,-0.07980767833656977,-0.004435161656767972,0.022291249648018874,-0.08852408870762174
2018-07-03,5.84897518157959,6.022834381540568,5.840578480156654,6.016907325891245,222732000,6.269545650482177,6.123077793121338,30.506408483660792,-0.09366477667391848,-0.022281084660198073,-0.022544352451291376,-0.3770988779882094
2018-07-05,5.99443244934082,5.999371268440468,5.865272791393209,5.904045229786084,306216000,6.2418615341186525,6.1337793350219725,31.939058978745535,-0.09185064402081533,-0.03619499653232153,0.02456465006764575,0.374818167124616
2018-07-06,6.108034610748291,6.116431311579673,5.948746002347929,5.969984577675324,296352000,6.222635817527771,6.148993921279907,37.1727232316881,-0.08032030335102558,-0.04502005789606234,0.018773940472895767,-0.032212555842934365
2018-07-09,6.155449867248535,6.191753135209769,6.076917218855485,6.182121848214617,303880000,6.206546473503113,6.160931520462036,38.9446987654687,-0.0665888159447503,-0.04933380950579993,0.007732792886988109,0.025402224381816163
2018-07-10,6.254236221313477,6.276215272361634,6.127546146734869,6.167800485980159,360016000,6.197446131706238,6.174296941757202,45.107545831989825,-0.04719128826861585,-0.04890530525836312,0.015921182869842364,0.18473081479531395
2018-07-11,6.112973213195801,6.196198329275567,6.102353691210243,6.161624236849754,367508000,6.178862428665161,6.185542945861816,40.05385013384573,-0.042724846568569674,-0.04766921352040444,-0.02284576046272607,0.020810186213946036
2018-07-12,6.204347133636475,6.252257211947357,6.148287650487848,6.158166230815989,345508000,6.165069675445556,6.197510728836059,45.96150168722197,-0.03144951714940625,-0.0444252742462048,0.014836927850166092,-0.05986264244587869
2018-07-13,6.157179355621338,6.222870610407252,6.115196322029052,6.222870610407252,246988000,6.143349695205688,6.208944845199585,48.81110852602694,-0.026019842293441897,-0.040744187855652224,-0.007631421082388416,-0.285145351193026
2018-07-16,6.129518032073975,6.182367394577086,6.117170279095699,6.129518032073975,197036000,6.122284007072449,6.2165284347534175,57.84911038063404,-0.02367590242096984,-0.03733053076871575,-0.00450265346464832,-0.2022446434644598
2018-07-17,6.265101432800293,6.280166132138102,6.054939409197928,6.080376339147286,362136000,6.108207368850708,6.223827428817749,59.67579682356382,-0.010753901580653924,-0.03201520493110339,0.021878656208774532,0.8379179439290283
2018-07-18,6.2159552574157715,6.271521101669961,6.165081880761804,6.257691464173221,277640000,6.09774866104126,6.225394973754883,64.22200501366834,-0.004427767886515888,-0.02649771752218589,-0.007875363539071752,-0.23332670598891025
2018-07-19,6.224103927612305,6.257690724461805,6.182121373623716,6.197185596529078,235752000,6.085054898262024,6.226276493072509,60.871954412073684,0.0012290999281194814,-0.020952354032124816,0.0013100695488317033,-0.15087163232963552
2018-07-20,6.195951461791992,6.260407649798234,6.185085116662928,6.221635207706742,222352000,6.07737443447113,6.223939323425293,64.40771930522277,0.0034013312852234634,-0.01608161696865516,-0.004533395891188747,-0.056839390545997515
2018-07-23,6.159401893615723,6.1712560036652295,6.008015873799267,6.16952729890954,301584000,6.07547287940979,6.2187239360809325,58.02179770115737,0.0021488252713401934,-0.01243552852065609,-0.005916411087515698,0.35633589983449676
2018-07-24,6.142114639282227,6.293747477234228,6.124580298038588,6.207311771322909,354620000,6.087314510345459,6.215927019119262,64.84108238184263,-0.0002360111282069255,-0.00999562504216626,-0.0028105909815600025,0.1758581357101172
2018-07-25,6.220155239105225,6.232750292716392,6.093711998476659,6.151500680074041,319112000,6.099514365196228,6.214281206130981,62.265170723921656,0.004123677845243812,-0.007171764464684246,0.012625777837570996,-0.1001297163160566
2018-07-26,6.29349946975708,6.33029638173515,6.183356028063561,6.200149426671353,325124000,6.123123574256897,6.21893967628479,60.53873407733918,0.013343216918094036,-0.00306876818812859,0.011722406001805677,0.01883978039058376
2018-07-27,6.223857402801514,6.336964611279997,6.170020267017301,6.3300497930174995,295420000,6.136903834342957,6.221983194351196,53.791374880479765,0.01485895054374975,0.000516775558247078,-0.011127394744255632,-0.0913620649352247
2018-07-30,6.029007434844971,6.243861877359639,5.994186046553237,6.237934822521967,340340000,6.145831418037415,6.220290575027466,38.71837141414513,0.0003335711765055649,0.0004801346818987754,-0.03180748306572897,0.15205470178051583
2018-07-31,6.047036170959473,6.121617776607149,5.979863502534976,6.018635951492422,283988000,6.149066519737244,6.219832239151001,46.23206634702265,-0.009612323408942025,-0.0015383569362693848,0.0029858702233097603,-0.16557560086971856
2018-08-01,6.086795806884766,6.133471306202758,6.023080554331581,6.078399577405365,283556000,6.160957551002502,6.221008243560791,42.86150291159804,-0.014123439965791462,-0.004055373542173801,0.00655354026666542,-0.001521191036240932
2018-08-02,6.189283847808838,6.193234903708827,5.956895533128454,6.0156714934528015,269668000,6.170700120925903,6.224994134902954,51.826854720984635,-0.009321155485439547,-0.005108529930826951,0.01669758180357496,-0.048977979658339055
2018-08-03,6.225834846496582,6.249543071284841,6.196940977452303,6.2137339108133105,214288000,6.176590132713318,6.227246427536011,55.42586037296125,-0.0025367087125180987,-0.0045941656871651805,0.005888160265062794,-0.20536363231825805
2018-08-06,6.273496627807617,6.276954037180822,6.166810583699202,6.213238787007001,207508000,6.182492470741272,6.23037784576416,50.52492921833669,0.006609728820565763,-0.002353386785618992,0.00762632984222596,-0.03163966251026651
2018-08-07,6.345608711242676,6.364130816722767,6.295476274280007,6.322147785866375,258132000,6.187061095237732,6.234166193008423,57.88055654258671,0.019452947460159464,0.0020078800635366994,0.011429157055066376,0.2439616785858858
2018-08-08,6.381912708282471,6.426859510549636,6.312023565506918,6.3468449607721125,262100000,6.200508069992066,6.239021415710449,59.27445231664441,0.032189657583128195,0.008044235567454998,0.005704817819964755,0.015371980227170567
2018-08-09,6.333507537841797,6.402408900905554,6.325851778497302,6.399692432306545,204280000,6.206966090202331,6.2407352733612065,57.896226466740025,0.037940346703199346,0.014023457794603868,-0.007613653867765342,-0.22060282334986647
2018-08-10,6.292264938354492,6.3246166777627195,6.240650626054386,6.251763793810978,256396000,6.213720369338989,6.242019433975219,57.585956421738594,0.038723495807365005,0.0189634653971561,-0.006533104609027113,0.2551204229488937
2018-08-13,6.325109958648682,6.445626092489729,6.299179392394037,6.300908096811013,375208000,6.223499965667725,6.241278553009034,60.26592992816479,0.04151589634483965,0.023473951586692812,0.005206327743018828,0.4633925646265933
2018-08-14,6.456246852874756,6.470323786169073,6.347337974711382,6.43031627974937,466220000,6.233057236671447,6.239589366912842,62.49993688430641,0.05369162170311892,0.029517485609978036,0.020520747202577072,0.2425641244323149
2018-08-15,6.398212909698486,6.510826039909125,6.319679765198901,6.476992406460333,591136000,6.242170119285584,6.236630859375,55.63544520530369,0.05798964899023762,0.03521191828602996,-0.009029447918376718,0.26793359358242896
2018-08-16,6.357710838317871,6.470324431761707,6.297699808218942,6.467854785831434,801260000,6.248850464820862,6.232822780609131,57.43695526503613,0.057465264116561166,0.0396625874521362,-0.006350337034064958,0.3554579656796406
2018-08-17,6.046046733856201,6.247318331209089,6.019127932453135,6.246577390588122,1143188000,6.241355228424072,6.223892736434936,50.83794192795585,0.0315374526588581,0.03803756049348058,-0.050263755436917607,0.426737887826673
2018-08-20,6.12062931060791,6.252999104098668,5.895402637841754,6.005546564285344,854388000,6.239416599273682,6.216760587692261,53.42839371792878,0.016813846355565154,0.0337928176658975,0.012260293726169815,-0.25262686452272065
2018-08-21,6.255962371826172,6.260407544883716,6.117171416924697,6.136928107986746,673988000,6.245108985900879,6.213154973983765,57.236376720426286,0.015882446342128098,0.03021074340114362,0.02187006872280527,-0.21114528762108087
2018-08-22,6.490574836730957,6.4955141286386855,6.219908140495318,6.223365550623367,749856000,6.258629965782165,6.213273525238037,61.57932565523626,0.033687244713267894,0.03090604366356848,0.036816110988234375,0.112565802358499
2018-08-23,6.589851379394531,6.65504851479225,6.438218533634873,6.452048171926908,720684000,6.273447561264038,6.215466508865356,63.346529543566376,0.05517246912292606,0.035759328755439995,0.015179696336692541,-0.03890346946613754
2018-08-24,6.722716331481934,6.737286912789674,6.593803922367403,6.59824909664087,531512000,6.298390507698059,6.218089256286621,65.50192918045045,0.08197578962039653,0.045002620928431304,0.019961493039936707,-0.2624895238412397
2018-08-27,6.813595771789551,6.88768324992913,6.720986188596728,6.752349696120892,505776000,6.337619924545288,6.2233445358276365,65.94305827832385,0.10929098707605434,0.05786029415795591,0.01342770543387952,-0.04842035551408064
2018-08-28,6.776057243347168,6.830388494896594,6.656282043562281,6.807668042003626,475384000,6.3740709781646725,6.227932996749878,63.41615747613327,0.12645177498379034,0.0715785903231228,-0.005524589020323525,-0.060089842143557615
2018-08-29,6.881319999694824,6.9062764484625845,6.7476420753376125,6.768397877723354,420108000,6.413797187805176,6.23705680847168,67.95194172603009,0.14685281986249699,0.08663343623099765,0.015415088693482024,-0.11627652592430537
2018-08-30,6.864518642425537,6.961132583910305,6.827701593908492,6.850187050516337,346608000,6.447558927536011,6.24478759765625,69.05817803574689,0.1598227288615135,0.10127129475710081,-0.002444574838060984,-0.17495501156845383
2018-08-31,6.9354329109191895,6.948281807123111,6.83461834953633,6.844502333367481,306592000,6.483038830757141,6.256505041122437,69.82336553335716,0.1738199755199341,0.11578103090966747,0.010277556762497102,-0.11545030697502656
2018-09-04,7.01005744934082,7.047615374091476,6.893922960058998,6.922338715376303,391720000,6.519866871833801,6.272757530212402,68.67334630932004,0.18875857952218844,0.13037654063217166,0.010702420466384501,0.2776589082559231
2018-09-05,6.8795905113220215,7.027846996897987,6.798790861002018,6.992512643685579,393156000,6.546565961837769,6.292243700027466,65.47515904039243,0.1879039000863063,0.1418820125229986,-0.018786764883226195,0.003665883794547131
2018-09-06,6.738746643066406,6.865752929537149,6.705883288078337,6.863281933262914,322796000,6.5644076585769655,6.307495470046997,61.50702929742739,0.17385751616502265,0.14827711325140341,-0.02068518184088376,-0.17896204051318054
2018-09-07,6.717496871948242,6.84277350719621,6.602103750427109,6.646827698670961,295420000,6.583607125282287,6.325419101715088,74.59072018508357,0.1591760938450184,0.15045690937012643,-0.0031583537795930126,-0.08480898152393457
2018-09-10,6.788412570953369,6.8180640548919795,6.696246719446564,6.739982363697045,220140000,6.608414506912231,6.3422223091125485,74.52229053994661,0.15151667520901402,0.15066886253790396,0.010501529131600752,-0.254823640918015
2018-09-11,6.740724563598633,6.829678084094086,6.721450978773439,6.742206784512565,243112000,6.629195237159729,6.360027685165405,69.02611276053247,0.13998484890795915,0.148532059811915,-0.0070497038179843305,0.10435177614245483
2018-09-12,6.627060413360596,6.720462001123825,6.471885331108481,6.700941459984335,419092000,6.637735915184021,6.37292221069336,55.91876251293943,0.12028744766839594,0.1428831373832112,-0.017006091853600476,0.7238638981210306
2018-09-13,6.704647541046143,6.795083735934499,6.675490446929424,6.692786948304712,305536000,6.653057646751404,6.390035657882691,55.07363295681242,0.10967350021438271,0.13624120994944552,0.011639619456468148,-0.2709572122588835
2018-09-14,6.830418586730957,6.896392726322241,6.758020233854188,6.794837277185484,386936000,6.676693034172058,6.406755380630493,54.79014130267886,0.11014090684818267,0.13102114932919295,0.018585009428624868,0.2664170506912442
2018-09-17,6.768643856048584,6.853891562497653,6.749370748421825,6.804966976259421,205528000,6.712822890281677,6.419967565536499,47.94759376590669,0.10432404285329966,0.12568172803401428,-0.009085208021373567,-0.468832054913474
2018-09-18,6.69674015045166,6.875142015038867,6.690068979431646,6.7725982694109215,299520000,6.741628432273865,6.430793371200561,46.48874091999463,0.09284188465751608,0.11911375935871465,-0.010679886887078629,0.45731968393600875
2018-09-19,6.720462322235107,6.738253213919687,6.62829646388271,6.678209366866817,224860000,6.764853429794312,6.440117893218994,42.32496065138286,0.08468023157337434,0.11222705380164659,0.003536086833311055,-0.24926549145299148
2018-09-20,6.579619407653809,6.640898522726667,6.52575281130353,6.59864556360692,430584000,6.769305658340454,6.449450817108154,37.84527363325775,0.06608542492747915,0.1029987280268131,-0.021180047237953196,0.9148981588543983
2018-09-21,6.509690761566162,6.6369444822962675,6.476580447109337,6.591479186009431,435128000,6.765297627449035,6.455557689666748,31.821169265350832,0.04518538043236475,0.09143605850792344,-0.010684949853637816,0.010553109265555527
2018-09-24,6.565286636352539,6.568745936813636,6.391826754239927,6.478803653530786,293912000,6.757426142692566,6.463719835281372,30.69495128784216,0.03273076714499279,0.07969500023533731,0.008504215060499221,-0.3245389862293394
2018-09-25,6.632249355316162,6.657205805582055,6.5457663688896774,6.631261051042418,280388000,6.748358821868896,6.473774461746216,38.63792283166115,0.027941634405318716,0.06934432706933359,0.010147847848270398,-0.04601377282996266
2018-09-26,6.595431804656982,6.67746717990424,6.579617994902832,6.637190838252575,268548000,6.739327549934387,6.480381069183349,42.720879327406756,0.020934029107630536,0.059662267476992985,-0.005566757361546451,-0.04222719945218767
2018-09-27,6.607293128967285,6.651770121853596,6.575912464211404,6.630519929717678,214428000,6.72562620639801,6.48820782661438,44.34873273545846,0.01615137813154366,0.050960089607903124,0.0017967999123083141,-0.20152821841905355
2018-09-28,6.943833827972412,6.966072320606783,6.711071472532862,6.738993303078433,709396000,6.729591965675354,6.502602424621582,56.26364892111548,0.039066777109303175,0.04858142710818314,0.04967998828002178,2.308317943552148
2018-10-01,7.149910926818848,7.216625936870903,6.9828752652292465,7.021421956365308,622060000,6.740315866470337,6.521681613922119,64.6237244463228,0.07301443060829715,0.05346802780820595,0.029245852072541004,-0.12311318360971868
2018-10-02,7.07874870300293,7.233923319338518,7.0565102065126695,7.122484349927857,383964000,6.743750429153442,6.540068550109863,66.64844684516467,0.0931027631522987,0.0613949748770245,-0.01000274361890817,-0.3827540751695978
2018-10-03,7.084925651550293,7.156335701221132,6.981146162855355,7.148922712280652,320552000,6.754017186164856,6.558924770355224,64.7952287256009,0.10827323311331671,0.07077062652428295,0.0008722240831501116,-0.1651508995635007
2018-10-04,6.901088237762451,7.073065443161982,6.824241803496959,7.048850337782409,391220000,6.762134265899658,6.572543430328369,52.63063726368994,0.10425995311550196,0.07746849184252676,-0.02629026451982593,0.22045721131048945
2018-10-05,6.668076992034912,6.938397724898845,6.610751111992329,6.876377282509042,426636000,6.7596632719039915,6.580034980773926,46.67973546699446,0.0813397061290857,0.07824273469983854,-0.03434760346733484,0.09052706916824294
2018-10-08,6.567015171051025,6.700198687473836,6.426418667201813,6.585053016290436,408612000,6.748593401908875,6.586898136138916,45.79796926998688,0.05439338780051095,0.07347286531997303,-0.01527209391658771,-0.0422467864877788
2018-10-09,6.561334609985352,6.640898535027553,6.4936308091801305,6.54650862992388,273500000,6.7396239042282104,6.597544679641723,44.78460300219577,0.0322085820985194,0.06522000867568231,-0.0008653884935930836,-0.3306608714379411
2018-10-10,6.070852756500244,6.501290662675619,6.068628718135131,6.455577931761062,684940000,6.711813521385193,6.5980210113525395,36.434307225476665,-0.024666482841721127,0.047242710372201624,-0.07769494663603566,1.5043510054844607
2018-10-11,5.809920787811279,6.1170586080207165,5.788423638256717,5.9838745927855195,725436000,6.66707718372345,6.5924835109710695,33.066251816814344,-0.08976070520779089,0.019842027256203126,-0.04393214526815109,0.05912342686950689
2018-10-12,6.091855525970459,6.165984011373858,5.921607957536885,6.066405156008104,608236000,6.630149030685425,6.590534944534301,39.67452063843741,-0.11724701763337819,-0.007575781721713141,0.04738578237898257,-0.16155801476629228
2018-10-15,5.816099166870117,6.078513088385394,5.815110862410267,6.078513088385394,449760000,6.5825217962265015,6.582340230941773,33.685687232124465,-0.15944338772258781,-0.037949302921888084,-0.04632292859676951,-0.26055018117967366
2018-10-16,6.074312210083008,6.085431459598973,5.879355141777879,5.9285267036712055,408712000,6.5514003992080685,6.57835654258728,40.430191176035336,-0.1700880116931902,-0.0643770446761485,0.04343897558423438,-0.09126645321949489
2018-10-17,6.0058674812316895,6.174385886285073,5.956942874208668,6.136333099959747,329668000,6.515670657157898,6.571561717987061,39.18030922152125,-0.18194947024868835,-0.08789152979065648,-0.011331861449176854,-0.1933977960030535
2018-10-18,5.918642997741699,6.113353117005261,5.858352183471174,6.075053844528361,524020000,6.482621836662292,6.562296323776245,29.739267512448208,-0.19612721600221228,-0.10953866703296763,-0.014629705654944923,0.5895385660725336
2018-10-19,5.662654399871826,5.993266082558897,5.626331732227214,5.973746006673279,613608000,6.440270018577576,6.548879261016846,21.176148771221648,-0.22542081132576364,-0.13271509589152686,-0.04421444174283868,0.1709629403457884
2018-10-22,5.713306427001953,5.814614911975951,5.6107626796087064,5.71478911894051,368844000,6.397671008110047,6.537300090789795,23.324909705591608,-0.2417621181890972,-0.15452450035104093,0.008905157574599998,-0.3988931043923808
2018-10-23,5.4622602462768555,5.539600601257539,5.3547740157676325,5.446692920678344,626436000,6.339171552658081,6.520043096542358,21.067902063775193,-0.27183648848813746,-0.17798689797846023,-0.044935246480832663,0.6983765494355336
2018-10-24,4.92730188369751,5.47041453216551,4.913464678805898,5.423960923945256,884288000,6.255765056610107,6.489464197158814,18.723535374722474,-0.33497591877447697,-0.20938470213766358,-0.10307111563140609,0.41161746770619834
2018-10-25,5.135600566864014,5.182795505816304,4.785715455981453,4.829945482552465,951720000,6.182180428504944,6.464211950302124,25.524811674605644,-0.3640103248285609,-0.24030982667584305,0.041405239128795436,0.07625569950061517
2018-10-26,4.8996262550354,5.061472497382579,4.771878628562228,4.900120171490404,664784000,6.079970049858093,6.435050258636474,24.47029465147486,-0.40143397467688047,-0.27253465627605056,-0.04703786438913778,-0.30149203547261805
2018-10-29,4.586557865142822,5.043928714885317,4.349100475165617,5.040469414744137,758016000,5.951802396774292,6.405860481262207,22.36508165078955,-0.4511538684847789,-0.3082584987177962,-0.06602910543169509,0.1402440491949264
2018-10-30,5.0160088539123535,5.025892841793666,4.586559666171252,4.609539513830269,807192000,5.848665404319763,6.383768072128296,34.982046354431006,-0.45070864807932587,-0.3367485285901022,0.08950474616983523,0.06487462006079037
2018-10-31,5.209481716156006,5.252970397757551,5.040963369508959,5.180324622945915,745772000,5.754893207550049,6.362838459014893,41.28404843785777,-0.42978981518291803,-0.3553567859086654,0.037845803688967415,-0.07609094242757608
2018-11-01,5.38936710357666,5.398756701387198,5.119540234767627,5.245805181764511,566528000,5.679307150840759,6.340814304351807,39.491365618517364,-0.39415269508313955,-0.3631159677435602,0.03394758538780479,-0.24034691567932287
2018-11-02,5.310544967651367,5.485487583882957,5.194163515124323,5.379978423120496,452960000,5.611430549621582,6.3152281761169435,41.96385042458288,-0.36802791160204684,-0.3640983565152575,-0.01473349710935326,-0.20046317216448262
2018-11-05,5.232710361480713,5.320676059903765,5.072346292181324,5.297448783381337,379332000,5.544715309143067,6.285428056716919,35.80830871920044,-0.34957475453387055,-0.36119363611898014,-0.014765083037605726,-0.16254856941010243
2018-11-06,5.2151665687561035,5.308815129984394,5.1781020890035165,5.224803126122223,299012000,5.477406907081604,6.25345947265625,36.433750836937975,-0.3325328997885846,-0.355461488852901,-0.0033583491326967634,-0.21174063880716631
2018-11-07,5.282621383666992,5.372069271192832,5.218129943136577,5.281633079522762,483812000,5.437995338439942,6.223590755462647,39.013087749402644,-0.31001045969851937,-0.3463712830220247,0.012851420434775516,0.6180353965727128
2018-11-08,5.089890480041504,5.224309324263063,5.036517792877013,5.223567978029523,511352000,5.401993823051453,6.18776216506958,39.884761841082096,-0.3042063355901199,-0.33793829353564375,-0.037166135055308025,0.05692293700859019
2018-11-09,5.081981658935547,5.172170903514571,4.967577310306825,5.001182011826007,413240000,5.351500129699707,6.15211142539978,38.67964794989709,-0.29682310914794385,-0.3297152566581038,-0.0015550377731102303,-0.19186783272579355
2018-11-12,4.683419704437256,5.012796045461431,4.661675123678761,4.990804506440388,617116000,5.294866156578064,6.107071161270142,36.73621326171599,-0.31945004652048503,-0.32766221463058004,-0.08167272669639238,0.4933597909205305
2018-11-13,4.924829959869385,5.045905951173958,4.774843830190087,4.781021556606179,644712000,5.2373920440673825,6.065366611480713,49.95322609983629,-0.31427944948136055,-0.32498566160073616,0.05026119894298855,0.0447176867882213
2018-11-14,4.872448444366455,5.111882589421651,4.764715686221796,5.097550992352584,526580000,5.180721092224121,6.025223770141602,44.708384392193416,-0.3108254621605564,-0.32215362171270023,-0.010693176710269823,-0.18323220290610376
2018-11-15,5.000935077667236,5.072839515433807,4.830687059887577,4.866515799648799,840708000,5.134835696220398,5.990467538833618,52.12921955474597,-0.2943275302680055,-0.31658840342376127,0.026028339079419205,0.5965437350450074
2018-11-16,4.062965393066406,4.216904700489124,3.9932845403535624,4.035537953739543,1963520000,5.054851245880127,5.937376909255981,41.28483022509928,-0.3528714327674347,-0.323845009292496,-0.20771181109449777,1.3355552700818834
2018-11-19,3.5754499435424805,3.9984745737201535,3.573720293229498,3.9977336989811865,1697820000,4.9479584217071535,5.873117656707763,26.47666759844178,-0.43360795710630384,-0.34579759885525757,-0.12782207282778849,-0.135318204041721
2018-11-20,3.6836771965026855,3.8116717964470435,3.294010057699916,3.3125420597976776,1692032000,4.8590292692184445,5.811976709365845,24.371157688819295,-0.48328815449057316,-0.3732957099823207,0.029820464894733535,-0.003409077522941173
2018-11-21,3.575697183609009,3.8373697318689537,3.5485169285988896,3.820567379554669,1025496000,4.79144903421402,5.750949444770813,18.781800090629062,-0.5253176189456568,-0.40370009177498795,-0.029751317927895697,-0.3939263560027233
2018-11-23,3.582862615585327,3.6962786589280987,3.5282549171959015,3.541103815128375,411968000,4.713812136650086,5.688513746261597,19.50974238295285,-0.5516885595554246,-0.4332977853310753,0.0020019206573343344,-0.5982743959995944
2018-11-26,3.781773090362549,3.79215099132072,3.6214090706654476,3.7036914036575084,814832000,4.657919478416443,5.627540836334228,25.443196317330063,-0.5501950015374817,-0.45667722857235665,0.054030876992114986,0.9779011962094144
2018-11-27,3.7985754013061523,3.879622235411887,3.71999956330266,3.7558280641965505,738060000,4.618520355224609,5.56813946723938,26.018477708086124,-0.5414144512027095,-0.4736246730984272,0.004433130872427645,-0.09421819467080328
2018-11-28,3.9552338123321533,3.9604227639223866,3.7837505089883026,3.9159457666950055,804524000,4.565481603145599,5.51330934047699,28.187405985889242,-0.5158681701326202,-0.48207337250526583,0.040413615585821426,0.09005229927106195
2018-11-29,3.8921618461608887,3.994561012134455,3.8619862784330445,3.9574599197400886,549172000,4.4996156096458435,5.456743330955505,29.442018467832227,-0.4950058199274654,-0.4846598619897058,-0.01607496985864246,-0.31739513053681434
2018-11-30,4.04229736328125,4.052932853801496,3.8515970834381643,3.9018073643916384,729564000,4.432262122631073,5.405996890068054,32.98543242323696,-0.46104295934200223,-0.4799364814601651,0.037848436852090925,0.3284799662036666
2018-12-03,4.205790042877197,4.320556542831907,4.13900780009926,4.269109523663654,890804000,4.377024376392365,5.359918875694275,41.53201235492199,-0.4161376786381359,-0.4671767208957593,0.03964897292748783,0.22100871205267802
2018-12-04,3.8859782218933105,4.1662156955217515,3.8708902028743837,4.161268757636926,812112000,4.309687769412994,5.30633270740509,32.08016879580656,-0.40172522302398495,-0.4540864213214044,-0.07908741086369699,-0.08833817540109834
2018-12-06,3.91516375541687,3.9201104564843448,3.7301525121877592,3.745734938992269,692308000,4.244687628746033,5.2519909954071045,33.35396290507819,-0.38352715714179997,-0.43997456848548355,0.007482409568888315,-0.14752152412475128
2018-12-07,3.651003360748291,3.929509650956116,3.60178260931714,3.919368571213714,681676000,4.1631067276000975,5.193102426528931,27.583979747595563,-0.38597135743966815,-0.4291739262763205,-0.06985513308685938,-0.01535732650785493
2018-12-10,3.7561235427856445,3.780857757874147,3.602524581310887,3.6062347843390494,629472000,4.096418380737305,5.136079034805298,42.956648230827064,-0.3751021396479568,-0.4183595689506478,0.028385429746695987,-0.07658183653231154
2018-12-11,3.6653497219085693,3.8558023450063783,3.5864478097089307,3.847640086361001,671912000,4.025586783885956,5.070509352684021,52.523154359496985,-0.36955291894495357,-0.408598238949509,-0.024463700058310407,0.06742158507447504
2018-12-12,3.6829111576080322,3.7788794438540028,3.581995933326017,3.671038695027917,654136000,3.9755613565444947,5.001169357299805,49.977347252587656,-0.35959289738173217,-0.39879717063595366,0.004779762020325874,-0.02645584540832724
2018-12-13,3.682663679122925,3.793719983726307,3.646799322256131,3.7296586464582924,471384000,3.9134530425071716,4.933247656822204,53.378392624569436,-0.34771127880101993,-0.38857999226896695,-6.71986886797817e-05,-0.27937921166240665
2018-12-14,3.62231183052063,3.7247109734410984,3.598814351489918,3.64110957786226,471820000,3.8509462118148803,4.863995380401612,51.20545143632473,-0.339254189159893,-0.3787148316471522,-0.01652386697613048,0.0009249359333367568
2018-12-17,3.5513253211975098,3.6643602082618605,3.493447422591047,3.592384055840047,662868000,3.778465723991394,4.797000122070313,42.360982024873074,-0.3344248611060405,-0.3698568375389299,-0.01979158548589894,0.40491712941375946
2018-12-18,3.6344316005706787,3.718280203883711,3.567896805524452,3.5951042522127103,564372000,3.7570390343666076,4.736327214241028,44.7879733865042,-0.3202005292493961,-0.35992557588102314,0.023131866545570628,-0.14859066963558354
2018-12-19,3.4259231090545654,3.654219132304564,3.374476091321274,3.600793292395776,745364000,3.749562692642212,4.673505373001099,33.728676268606094,-0.3220402568416363,-0.3523485120731458,-0.05908177398561156,0.32069627834123593
2018-12-20,3.3415799140930176,3.5072985491377735,3.281970637111503,3.417513707699646,749588000,3.7324578285217287,4.609110279083252,33.29327340452869,-0.32653989649811166,-0.34718678895813904,-0.02492723297418778,0.005667029800205059
2018-12-21,3.2047998905181885,3.400941517873868,3.177345002077389,3.368045045634862,863740000,3.7139129638671875,4.5517892217636104,24.37951977267207,-0.3372552297734206,-0.3452004771211954,-0.041794071550021274,0.1522863226198925
2018-12-24,3.143211841583252,3.2149407761930386,3.0793977230356346,3.1286187078137417,463840000,3.691930425167084,4.49845504283905,15.33243640667618,-0.3467200762172795,-0.34550439694041224,-0.019404495147072435,-0.4629865468775326
2018-12-26,3.29211163520813,3.2931009283476196,3.078408748802953,3.1892176004464607,695100000,3.6674473524093627,4.442460165023804,28.1925344671415,-0.3383062820454721,-0.3440647739614242,0.04628403667891379,0.4985770955501898
2018-12-27,3.2443745136260986,3.2743028713249998,3.0962171365740745,3.239922458713434,637044000,3.63973730802536,4.391025671958923,25.698940891337287,-0.33166702529010994,-0.34158522422716137,-0.014606615613061815,-0.08352179542511873
2018-12-28,3.305715322494507,3.398221073910107,3.2231034462481607,3.264904030953203,628728000,3.6072613835334777,4.3356537342071535,35.336157741888,-0.3177923633037838,-0.33682665204248585,0.018730308656533287,-0.01305404336278182
2018-12-31,3.3020057678222656,3.3814020973837278,3.2713353170839845,3.349000501334056,465140000,3.5777535796165467,4.281576499938965,28.89658650645852,-0.30359625513104316,-0.3301805726601973,-0.0011227940802121924,-0.26018882569250934
2019-01-02,3.369281768798828,3.4251808385922478,3.2166723405678592,3.231265475170395,508752000,3.5441027998924257,4.230589275360107,35.934166681958104,-0.2836474152581894,-0.32087394117979573,0.02016950440170882,0.09376101818807236
2019-01-03,3.1657207012176514,3.3430643846937267,3.158300529541503,3.3091786116658763,705552000,3.492099332809448,4.180650601387024,29.11921311849079,-0.2810240228542158,-0.31290395751467975,-0.06231885728476368,0.38682894612699315
2019-01-04,3.3685405254364014,3.4066309111298634,3.2080160158102617,3.2386862301960746,585620000,3.466227447986603,4.133755283355713,39.10057994436823,-0.25958674627121114,-0.30224051526598605,0.06209883267353232,-0.1699832188130712
2019-01-07,3.5468738079071045,3.5837276982199144,3.374476820194515,3.4256766436416743,709160000,3.4478129506111146,4.0954475545883176,47.58054822249322,-0.225606888850725,-0.2869137899829339,0.05158702597182789,0.2109559099757521
2019-01-08,3.458571672439575,3.6304739530176655,3.3861006519419794,3.6282476899161877,786016000,3.438191366195679,4.066072950363159,47.05787865243995,-0.20345751975401338,-0.2702225359371498,-0.02521090561911151,0.10837610694342592
2019-01-09,3.5265915393829346,3.5738337130783755,3.459314643836755,3.5097721385841463,617260000,3.426714766025543,4.033892769813537,46.54628702604735,-0.17835933498185996,-0.25184989574609185,0.019476142496813637,-0.21469791963522367
2019-01-10,3.5921363830566406,3.600793287782794,3.446947117236109,3.5072984808573757,523156000,3.4230540990829468,4.007742972373962,55.859778653614846,-0.1514342814914511,-0.2317667728951637,0.018415283373435794,-0.15245439523053494
2019-01-11,3.6811797618865967,3.703935157819665,3.5421739172799653,3.5698760153464897,874764000,3.422967529296875,3.989635410308838,61.93290260273052,-0.12151023179610387,-0.20971546467535176,0.024486169996704058,0.6720901604875027
2019-01-14,3.721001386642456,3.746230250626292,3.605493030231585,3.62899051315197,730168000,3.4248844146728517,3.96373526096344,69.46465032950736,-0.09350407770331426,-0.18647318728094428,0.010759533744747758,-0.1652971544325098
2019-01-15,3.7069029808044434,3.792977619724947,3.688599641824776,3.75365026760115,617012000,3.429113972187042,3.933683686256409,72.04488619940511,-0.07162101980341129,-0.1635027537854377,-0.0037960700813018345,-0.15497255426148504
2019-01-16,3.681426525115967,3.7670065139285382,3.6759851770109733,3.7341102764253997,470104000,3.435619032382965,3.8995248746871947,66.85222739962124,-0.05569228976805629,-0.14194066098196143,-0.006896432174909618,-0.23809585551010348
2019-01-17,3.7526612281799316,3.792483229582444,3.6213229974567955,3.6485306844730516,493436000,3.4415305137634276,3.868367199897766,71.5634862403509,-0.036895305139606815,-0.12093158981349052,0.01916492937873364,0.0496315708864421
2019-01-18,3.881525754928589,3.907496705882418,3.7509296199826263,3.8023766394178167,651336000,3.464310646057129,3.8413435077667235,73.10439820102991,-0.011468072255434336,-0.09903888630187928,0.03376306300447189,0.3200009727705315
2019-01-22,3.679694890975952,3.8629747583201457,3.6495193296018464,3.851349739237238,661552000,3.4812163949012755,3.8106340742111207,63.075822856423095,-0.0075162285474701385,-0.08073435475099747,-0.053398473461855035,0.015684685016642774
2019-01-23,3.6925570964813232,3.823400673370535,3.6613922382278936,3.7348525645319417,591020000,3.505604255199432,3.7788327884674073,61.63017199838265,-0.003308354792398216,-0.06524915475927762,0.00348935944612459,-0.10661595762691367
2019-01-24,3.9040334224700928,3.9215944355252352,3.7722005707158295,3.7769000665128636,708972000,3.5436453342437746,3.755115647315979,76.41116466052526,0.016896020790222455,-0.0488201196493776,0.0556910314688755,0.19957361849006805
2019-01-25,3.961169481277466,3.979225378987472,3.74227268118326,3.844671836656973,1154572000,3.5770982265472413,3.732699403762817,73.66644602944402,0.03709097477502654,-0.031637900764496775,0.014529075624159424,0.6285156536506378
2019-01-28,3.41355562210083,3.503340451934958,3.2401696336174215,3.377443831559899,2511528000,3.585557281970978,3.7073021221160887,45.8886045399849,0.008806246540768115,-0.0235490713034438,-0.14878485273673656,1.1752891980751308
2019-01-29,3.255011558532715,3.415783549422584,3.240418417662829,3.3675518342140975,1153932000,3.5830220937728883,3.6739057540893554,43.98309106466898,-0.02610189884524683,-0.024059636811804407,-0.04755862582240865,-0.5405458350454384
2019-01-30,3.398221015930176,3.412566710091489,3.2515475742334536,3.3309441284015135,974228000,3.5878328561782835,3.6444212055206298,46.36705727084476,-0.041730011604917294,-0.027593711770426986,0.043056237417699456,-0.15573188021477868
2019-01-31,3.5555295944213867,3.5911467388723395,3.37323902288696,3.395005121130026,842852000,3.5971452474594114,3.6155130958557127,49.0151631773399,-0.04094987133350969,-0.030264943683043527,0.04525195978742383,-0.1348513900236905
2019-02-01,3.5797691345214844,3.6307215036138554,3.5265909738818233,3.5740803453368715,625048000,3.617847669124603,3.6058491706848144,47.173170403300745,-0.03793834659626194,-0.031799624265687214,0.0067942869014998505,-0.2584131021816404
2019-02-04,3.6898367404937744,3.726937832818774,3.5735862895215202,3.595599598010807,528592000,3.633912479877472,3.6081369066238405,49.16402171085131,-0.02636622221919005,-0.030712943856387783,0.030283902535661104,-0.15431774839692314
2019-02-05,3.7088816165924072,3.7454880591567816,3.668070324166557,3.7017086512924178,542424000,3.642012870311737,3.6086409950256346,50.0529355806068,-0.015480023862114667,-0.02766635985753316,0.005148166815555534,0.026167630232769357
2019-02-06,3.784320592880249,3.848629364647908,3.7365837785660503,3.7420251267197253,702464000,3.658300316333771,3.61281346321106,52.681108667126146,-0.0007566165125312274,-0.022284411188532773,0.020135990757256868,0.295045941919974
2019-02-07,3.6463043689727783,3.740294065936095,3.603514488462521,3.738068038238784,637120000,3.664285957813263,3.6140822982788086,47.32186715075933,-0.0002224022168726414,-0.017872009394200746,-0.03715221786078446,-0.09302113702623904
2019-02-08,3.6648547649383545,3.6754902556945326,3.5649288473641456,3.5792745411478237,461604000,3.6679218769073487,3.6117439317703246,44.22315148399223,0.001678479911930264,-0.013961911532974545,0.005074553961565971,-0.27548342541436466
2019-02-11,3.62231183052063,3.6749953415540433,3.5740801382067535,3.6208276550645118,495180000,3.6649784803390504,3.6082186603546145,48.328049193902444,-0.0002450913072240546,-0.011218547487824448,-0.011676257760879076,0.07273767125068242
2019-02-12,3.7390575408935547,3.7546402074135017,3.6463045732075137,3.6606505051856875,591060000,3.6658812880516054,3.603895134925842,51.277530638870765,0.007563678409024721,-0.007462102308454615,0.031721136039283594,0.19362656003877388
2019-02-13,3.7813520431518555,3.854317711220307,3.7548864496887444,3.768490290275961,605372000,3.669603741168976,3.601678938865662,46.28407776758261,0.016969385023168915,-0.0025758048421299093,0.011248043794529563,0.02421412377761989
2019-02-14,3.822164297103882,3.850361278446487,3.737326147698302,3.7803637076114875,827264000,3.6766406297683716,3.597276277542114,45.7475917874833,0.027400823454661438,0.0034195208172283606,0.01073520304927011,0.366538260771889
2019-02-15,3.8916664123535156,4.0531799465823735,3.8689110205307045,4.030424790642507,1516748000,3.683590888977051,3.5909938049316406,70.6738590491523,0.040805671038226965,0.010896750861428082,0.018020617437891157,0.8334509902522049
2019-02-19,3.874352216720581,3.954738290641775,3.8619853461631073,3.8810305343986,551892000,3.6832322120666503,3.590761284828186,80.50676615968912,0.04946183321374065,0.018609767331890598,-0.004458970586407099,-0.6361346776128929
2019-02-20,3.9215946197509766,3.988624062425429,3.8924085864337625,3.9035387234412444,540988000,3.6953271985054017,3.5908899021148684,78.47144150430472,0.05944868378428936,0.026777550622370354,0.012119882885935516,-0.01975748878403749
2019-02-21,3.852834701538086,3.9586966356549835,3.838241563508994,3.9342100926018695,448548000,3.70334107875824,3.5949265289306642,67.89761946453022,0.06111053980082115,0.03364414845806051,-0.017689198350406183,-0.17087255170170135
2019-02-22,3.937425374984741,3.9562233632874357,3.890925286769027,3.90452913133803,401740000,3.705010676383972,3.598552565574646,70.07223558332382,0.06846412128757162,0.040608143023962734,0.021717888099486604,-0.10435449494814375
2019-02-25,3.925058126449585,4.088055860925728,3.9164009851696213,4.020779204193187,656020000,3.703205108642578,3.6037467336654663,64.82695003570767,0.07245869526113768,0.046978253471397724,-0.0031458911760913017,0.6329466819335889
2019-02-26,3.885730504989624,3.9762574332662384,3.852339384284789,3.920358360077931,488464000,3.726813852787018,3.6078031206130983,60.86956139466509,0.07162536096144301,0.051907674969406785,-0.010070162095094808,-0.2554129447272949
2019-02-27,3.843930244445801,3.8978504999850783,3.7870416374298284,3.871385136775386,500256000,3.756259787082672,3.6110284519195557,53.821785834716444,0.0668217265697364,0.054890485289472705,-0.010815653978935788,0.024140980706868875
2019-02-28,3.81941819190979,3.860024087826007,3.797134736342679,3.8377403961328027,324944000,3.777319645881653,3.614970579147339,62.98946734189027,0.060341316783393495,0.055980651588256866,-0.006397239101200368,-0.350444572378942
2019-03-01,3.8736417293548584,3.9157328559809574,3.810999841616156,3.8691848495966012,357188000,3.7932252526283263,3.621416907310486,64.8701159769744,0.05890194666967208,0.056564910604539914,0.014096974665491509,0.09922940568220984
2019-03-04,3.88181209564209,3.9347976031872425,3.8253600213897,3.912018758171207,409992000,3.8083274006843566,3.626364517211914,69.43348065852467,0.05775475489785009,0.056802879463201957,0.002106999666107536,0.14783251397023411
2019-03-05,3.8753743171691895,3.9135039508695773,3.81198958623039,3.8662130988863823,362924000,3.8176042795181275,3.6353535413742066,62.22890205653724,0.05568422910274062,0.056579149391109695,-0.0016598234484302987,-0.1148022400437082
2019-03-06,3.7646987438201904,3.8748789345805448,3.7619752660135357,3.866460804939046,403524000,3.8203951358795165,3.64381591796875,48.66930307823086,0.04459862350775978,0.054183044214439716,-0.0289744129902755,0.11186915166811784
2019-03-07,3.695620059967041,3.750834131965574,3.6495672080075923,3.7411777555157997,450104000,3.815960109233856,3.653632321357727,40.32540005140198,0.029894523278304774,0.049325340027212734,-0.018519492261461788,0.11543303496198498
2019-03-08,3.7297871112823486,3.740433796733011,3.585190865574161,3.6064842364754854,422416000,3.8201342463493346,3.665363826751709,36.917097097783746,0.020759115245869264,0.04361209507094404,0.009202806436234907,-0.061514672164655226
2019-03-11,3.9897654056549072,4.012544022728501,3.706267631979715,3.7533110440912147,859728000,3.8363797783851625,3.6793169021606444,56.699696569256226,0.03410418240406976,0.04171051253756919,0.06738127629436409,1.0352638157645542
2019-03-12,4.023932456970215,4.070232528479802,3.941482665201958,4.017494715873952,579576000,3.8564608097076416,3.694908061027527,56.03224874390221,0.046896644443151114,0.04274773891868558,0.008527214011371104,-0.3258612026129194
2019-03-13,4.174966812133789,4.204183169950624,4.053892196545153,4.061320252215489,768900000,3.8782562732696535,3.7122930908203124,67.30905617526123,0.06843311859572898,0.047884814854094265,0.036846761472307865,0.3266594890057559
2019-03-14,4.09920072555542,4.1960109799780225,4.091525212913135,4.184126284773706,519384000,3.8941487073898315,3.7282369899749757,58.77586548074647,0.07848254165379576,0.05400436021403457,-0.018314399362176804,-0.32451033944596175
2019-03-15,4.204431056976318,4.247017347837136,4.138817746560919,4.142284078052524,661484000,3.9132620453834535,3.7449399757385256,63.76805906644505,0.09385607571117038,0.061974703313461735,0.02534697299988464,0.2735933336413905
2019-03-18,4.183136940002441,4.289603356815503,4.156148673346275,4.235874755889158,486992000,3.9278355717658995,3.765288300514221,64.9220184923918,0.10313260644525846,0.07020628393982109,-0.00507755352472592,-0.2637886933017276
2019-03-19,4.350510597229004,4.394830508005415,4.260633475294349,4.2774697332762965,854972000,3.9516434907913207,3.7849277019500733,72.5726904220704,0.12257698800775652,0.08068042475340817,0.03923178769089524,0.7556181621053324
2019-03-20,4.3180766105651855,4.4327134555341265,4.2834128314654505,4.3794802501598085,719148000,3.9714675903320313,3.800351758003235,72.0639290350662,0.1338269747629388,0.09130973475531431,-0.00748314280928335,-0.15886368208549517
2019-03-21,4.554283142089844,4.580528555635965,4.336151288185884,4.341103324289251,824312000,4.006540012359619,3.82226598739624,75.93880412176301,0.15995865949602717,0.1050395197034569,0.053258066004441995,0.14623415486102997
2019-03-22,4.394830703735352,4.575575740463969,4.380965382808452,4.527047117219821,747644000,4.029410278797149,3.8396307706832884,67.52955759894732,0.16588945832705093,0.11720950742817571,-0.035639129882264156,-0.0930084725201138
2019-03-25,4.3027262687683105,4.418353444907615,4.236618042843589,4.354226317013071,525212000,4.048293685913086,3.853842568397522,63.79477959986578,0.16129825509669793,0.12602725696188016,-0.021180172409563488,-0.2975105799016644
2019-03-26,4.3792314529418945,4.500058069777386,4.323026854283064,4.444101403414721,703508000,4.0729687333107,3.8678036022186277,70.28438975122212,0.16196597945033542,0.13321500145957121,0.01762440383837091,0.33947434559758727
2019-03-27,4.370070934295654,4.451034773354926,4.300744330698513,4.404734708346293,474372000,4.099275767803192,3.880784993171692,73.17901262892106,0.15991260553966313,0.1385545222755896,-0.0020940005472630187,-0.3257048960352974
2019-03-28,4.388642311096191,4.4542551465713105,4.33565655567904,4.396069894129766,480264000,4.127736973762512,3.894419779777527,72.88838685449555,0.15796294828274426,0.14243620747702054,0.004240669630664449,0.012420631909134672
2019-03-29,4.445836544036865,4.47010133445733,4.404983422748778,4.455245224668751,456896000,4.156346714496612,3.909707980155945,68.44210431733399,0.1591977943897387,0.14578852485956417,0.012948139431421027,-0.04865657221861308
2019-04-01,4.51318359375,4.543390265264253,4.465892724360419,4.537447915035779,483824000,4.187915289402008,3.9249184274673463,69.26679686032975,0.16372346075393374,0.14937551203843807,0.015034750963265349,0.05893682588597837
2019-04-02,4.531008243560791,4.575328155097509,4.494364317043656,4.53719852359258,440920000,4.220696985721588,3.93790807723999,65.66443128736617,0.1668253257164416,0.15286547477403878,0.0039416839469342746,-0.08867687423525905
2019-04-03,4.670158386230469,4.729086484341547,4.575576665988681,4.580528702250554,783504000,4.265969967842102,3.9577173471450804,73.79290337067042,0.1784547147665121,0.15798332277253344,0.030248501734411275,0.7769754150412773
2019-04-04,4.6612443923950195,4.703583209838008,4.598602512706384,4.654806651779727,457376000,4.314251184463501,3.9770910930633545,70.69777792181137,0.1848212996733798,0.1633509181527027,-0.0019105373025631062,-0.4162429292001062
2019-04-05,4.727848052978516,4.745180179212573,4.667930116677095,4.704326590039095,481744000,4.3641542315483095,3.993567385673523,73.70696668238357,0.19301625165922953,0.16928398485400808,0.014187692408309256,0.053277828307563224
2019-04-08,4.748646259307861,4.773653426197541,4.6733768262720625,4.69739368045108,424192000,4.402098274230957,4.009316921234131,69.8617682530847,0.19889629885778604,0.1752064476547637,0.004389437493969393,-0.11946594041648673
2019-04-09,4.686004638671875,4.726362835470245,4.643913276469628,4.715220990409292,439972000,4.43520188331604,4.034765901565552,67.81778589588755,0.19623949659671514,0.179413057443154,-0.013279249401224831,0.03720013578756798
2019-04-10,4.756322383880615,4.782072409229535,4.680805945787416,4.685262590126222,444772000,4.464269661903382,4.06479211807251,61.65720514526283,0.19753100160430304,0.18303664627538382,0.014894431213960745,0.010909785168147001
2019-04-11,4.74245548248291,4.790241725729068,4.693184006452142,4.758796821130248,374600000,4.4964323997497555,4.091676807403564,74.10713695218267,0.19518560739214852,0.18546643849873679,-0.00291972534653126,-0.15777072297716588
2019-04-12,4.704574108123779,4.78504304231926,4.69590828102607,4.7810813189665256,471708000,4.521439552307129,4.114657697677612,80.13361633717886,0.18810183440078987,0.1859935176791474,-0.008019785908401977,0.2592311799252536
2019-04-15,4.57310152053833,4.701851654403267,4.533486167387928,4.696899617196402,440092000,4.540937781333923,4.134524345397949,63.43066595225841,0.16992041741327135,0.18277889762597221,-0.028343605528226345,-0.06702451516616215
2019-04-16,4.660007953643799,4.6788253180793395,4.5795394705271715,4.612222161967368,394964000,4.556412649154663,4.15392776966095,68.13262382414479,0.16067200939541415,0.17835751997986063,0.018825510510596343,-0.1025421957227125
2019-04-17,4.637228012084961,4.715715846704068,4.614944322265305,4.6949178621396275,351004000,4.572370219230652,4.172494697570801,65.46510841434892,0.14977788231239497,0.1726415924463675,-0.004900378398202792,-0.1113012831549205
2019-04-18,4.612715721130371,4.67783362459838,4.5849850753044725,4.643913169936649,380988000,4.575291848182678,4.189062600135803,60.82202235211099,0.137580330677614,0.16562934009261682,-0.005299999446638444,0.08542352793700347
2019-04-22,4.666443824768066,4.682042311390829,4.557749338601909,4.5891937719440214,279936000,4.588872504234314,4.209465389251709,60.11755388201045,0.13074197990718606,0.15865186805553066,0.011580510889807969,-0.26523670036851554
2019-04-23,4.720916271209717,4.75211372644348,4.669911612521351,4.679567754074835,346856000,4.609782004356385,4.230586619377136,61.958259319711225,0.12823974092960722,0.152569442630346,0.011605618042311146,0.23905464106081387
2019-04-24,4.733295917510986,4.77390157804458,4.670654025026676,4.7313148195504775,318204000,4.627485227584839,4.2528063011169435,54.730998151320186,0.1258054258694452,0.14721663927816586,0.0026188651427719884,-0.08260488502433283
2019-04-25,4.627820014953613,4.7154690819013725,4.548341855862243,4.69318538879586,499296000,4.640372681617737,4.270581550598145,47.81207354848859,0.11405048679073015,0.14058340878067874,-0.02253585304094725,0.5691066108534149
2019-04-26,4.4094390869140625,4.478766167098218,4.290840528627895,4.474309051800788,868988000,4.641412520408631,4.2831432914733885,32.61227321160182,0.08612035522686501,0.12969079806991599,-0.04833842792239382,0.7404265205409215
2019-04-29,4.440141677856445,4.467872324386639,4.3453120284149875,4.41736259516939,391920000,4.6411277770996096,4.2955028390884396,33.333419201804475,0.06570555450155524,0.11689374935624385,0.006938795168844183,-0.5489926213020202
2019-04-30,4.481490135192871,4.506992223506752,4.388889044751232,4.407953864018122,362920000,4.639543104171753,4.307299313545227,38.69117617589641,0.052260723698003275,0.10396714422459574,0.009269325221832495,-0.07399469279444781
2019-05-01,4.468367576599121,4.575824300781846,4.468119644225633,4.533732939797751,354280000,4.636411070823669,4.319179620742798,33.00209249185549,0.04008464675671064,0.09119064473101873,-0.0029324640502928455,-0.023806899592196618
2019-05-02,4.535714149475098,4.577310123321939,4.434942613606475,4.478024292877047,394684000,4.629688858985901,4.331462011337281,38.52087311345582,0.035460556428064116,0.08004462707042781,0.014959399712695083,0.11404538782883589
2019-05-03,4.531256198883057,4.554034804968513,4.469852096431354,4.544131206921117,336824000,4.623189449310303,4.345030441284179,40.00573027454725,0.03107796473955382,0.07025129460425301,-0.0009833385971242514,-0.1465982912912609
2019-05-06,4.453015327453613,4.46514748160283,4.308171385571487,4.345310700431619,422176000,4.609447813034057,4.355342240333557,42.62238124839976,0.021048708405299266,0.060410777364462265,-0.017417739264520254,0.25340237037740776
2019-05-07,4.286137104034424,4.404735681096283,4.23810339107594,4.404735681096283,555220000,4.586322355270386,4.362563819885254,29.085938041814032,-0.0003610653305354816,0.04825640882546272,-0.03819558303622352,0.3151387099219283
2019-05-08,4.306192874908447,4.386166430888764,4.246769847506119,4.258654547437033,419168000,4.567331767082214,4.37097306728363,31.425525892067384,-0.01553109932358332,0.03549890719565351,0.004668304719727276,-0.24504160512949824
2019-05-09,4.21383810043335,4.247016172854094,4.095240009746013,4.237360033834992,660248000,4.540207552909851,4.378371224403382,29.202263689718777,-0.03460679344351725,0.02147776706781936,-0.021680294875340924,0.5751393236124895
2019-05-10,4.179917812347412,4.248502045374708,4.060576392127971,4.1831366828979535,569500000,4.512080669403076,4.385581216812134,24.097175291556837,-0.05186365035409768,0.006809483583435952,-0.008082310967399878,-0.13744532357538375
2019-05-13,3.923161029815674,4.071223656609961,3.9073148442360175,4.048197112847471,656912000,4.473010015487671,4.38657160282135,15.054304279422851,-0.08527496363011533,-0.011607405859274304,-0.06339387021991871,0.15348902546093068
2019-05-14,4.01204776763916,4.047206466862857,3.9241510195799183,3.96277581335092,524880000,4.444957327842713,4.389176316261292,20.390371708191395,-0.1033894440783385,-0.029963813503087147,0.022404062214427114,-0.2009888691331564
2019-05-15,3.951138973236084,3.9875354446133415,3.897410612695974,3.956585929261325,502320000,4.4095138788223265,4.390691609382629,21.16484748144545,-0.12126229476276684,-0.04822350975502309,-0.01529789121648722,-0.04298125285779608
2019-05-16,3.9662420749664307,4.008828827285346,3.9033529675768066,3.9456917875289874,781088000,4.3759645819664,4.394722476005554,27.156759015194808,-0.1326785281266334,-0.06511451342934516,0.003815180792223099,0.5549609810479377
2019-05-17,3.875622272491455,4.053396399499504,3.8362546249082308,3.9243988357806634,1022068000,4.3391099095344545,4.398322520256042,22.59616363929284,-0.1473397945991577,-0.08155956966330766,-0.023112829433668738,0.3085183743701094
2019-05-20,3.7572717666625977,3.8320458181462445,3.7325120562685843,3.7770794405273693,572064000,4.293651306629181,4.3988722133636475,17.289224066820793,-0.1665885218491736,-0.09856536010048085,-0.031013136303719137,-0.440287730366277
2019-05-21,3.8392257690429688,3.8550719546521734,3.779307593697431,3.8179326268462255,361848000,4.249566781520843,4.395861420631409,23.247001199966107,-0.17323334760332543,-0.11349895760104978,0.021577623567621964,-0.3674693740560496
2019-05-22,3.768413543701172,3.8265985550973993,3.7575191579868314,3.8006010721733703,325868000,4.201322662830353,4.390751042366028,17.467959150418622,-0.1821140769524665,-0.12722198147133312,-0.018616621421087397,-0.09943401649311312
2019-05-23,3.647585868835449,3.706266024229984,3.587915164687212,3.706266024229984,591844000,4.152310955524444,4.380203423500061,15.899085681815507,-0.19663521415886098,-0.14110462800883872,-0.03258855923432542,0.8162077896571618
2019-05-24,3.593857765197754,3.701561945118981,3.587172564176269,3.666403246980488,357584000,4.111531889438629,4.370096564292908,16.20568090212015,-0.21005731893657753,-0.15489516619438648,-0.014839331019021216,-0.3958137617345111
2019-05-28,3.548795700073242,3.6441202754816437,3.546814838291281,3.611437590898888,428356000,4.066964590549469,4.356983857154846,17.9232864049998,-0.2217740920465836,-0.1682709513648259,-0.012617905434934394,0.1979171327576177
2019-05-29,3.474764347076416,3.536167989916481,3.440100802270634,3.5012569849778905,559800000,4.016628301143646,4.342816405296325,15.452616704252804,-0.23433219495534852,-0.18148320008293042,-0.02108164359029171,0.3068569134084733
2019-05-30,3.4482409954071045,3.5136809634789703,3.410067601899992,3.477986413949264,394300000,3.9656219720840453,4.3247710132598876,16.34692997652253,-0.24361653503178582,-0.1939098670727015,-0.007662418307779176,-0.2956413004644516
2019-05-31,3.357764959335327,3.4665837474737495,3.356029815893333,3.3994086383387545,389720000,3.906724512577057,4.30556478023529,15.572657392352369,-0.2553317954047287,-0.20619425273910696,-0.026588682654930966,-0.011615521176769006
2019-06-03,3.316121816635132,3.407588942230268,3.2868721180272984,3.368919825115276,478644000,3.8459677934646606,4.280801553726196,18.994660632448245,-0.2649226142552865,-0.21793992504234289,-0.012479589347496944,0.22817407369393417
2019-06-04,3.544665575027466,3.5498710052064095,3.3580128434275585,3.380073986051971,641836000,3.800550305843353,4.263798251152038,29.108308940867886,-0.251186316511403,-0.22458920333615492,0.06664784583118663,0.3409465072162192
2019-06-05,3.502031087875366,3.6237395991365746,3.465840812619028,3.618286189030962,511616000,3.7613450050354005,4.247784347534179,29.59174939810832,-0.24096277945911027,-0.227863918560746,-0.012100707445626482,-0.20288671872565578
2019-06-06,3.5640010833740234,3.588541076371301,3.5037665336174677,3.506245378096939,408140000,3.724235415458679,4.231479740142822,32.468216959531404,-0.22526339575204712,-0.22734381399900624,0.017540702583825462,-0.20225325243932946
2019-06-07,3.606635570526123,3.64084271992165,3.550862761690876,3.569949577094456,348856000,3.693875288963318,4.216211032867432,37.764335053668475,-0.20699516286683473,-0.22327408377257194,0.011891549277114085,-0.14525407948253055
2019-06-10,3.6792633533477783,3.747677874775369,3.6626553853204142,3.6626553853204142,402780000,3.6688425660133364,4.202023453712464,46.297543977493156,-0.18452985627450724,-0.215525238272959,0.019937193559664074,0.1545738069575986
2019-06-11,3.736771821975708,3.7766803600690517,3.69735924180774,3.739002687057581,383872000,3.659523105621338,4.1878421592712405,45.0217850411315,-0.1602383580990936,-0.20446786223818594,0.015509533072021239,-0.04694374100004961
2019-06-12,3.6239871978759766,3.6995902902123228,3.6088666266878255,3.6933931797938406,358892000,3.6401200771331785,4.17005823135376,43.25737742871899,-0.14837754341008358,-0.1932497984725655,-0.030647233914750615,-0.06507377459153052
2019-06-13,3.6750500202178955,3.693392898309219,3.628448651725786,3.6460480657400254,308080000,3.6263156294822694,4.152939066886902,51.371519943611865,-0.13332058261608992,-0.18126395530127037,0.013991887936252837,-0.14158019682801515
2019-06-14,3.585318088531494,3.606387791213942,3.5407000753888216,3.5820957802225886,394428000,3.6072694301605224,4.131242260932923,49.58834389616217,-0.12716259839502575,-0.17044368392002146,-0.024719545776448408,0.28027784990911453
2019-06-17,3.5949857234954834,3.6319197003710673,3.5607783335531873,3.583583181382849,276040000,3.593237602710724,4.109917087554932,52.305259778568455,-0.1201176131147852,-0.1603784697589742,0.002692822214485764,-0.3001511048911335
2019-06-18,3.789569854736328,3.8448467027624322,3.645304496180876,3.656211078416756,581920000,3.5948525071144104,4.091151523590088,64.0238581578603,-0.09770679522512982,-0.14784413485220535,0.052712497906933733,1.1081002753224172
2019-06-19,3.7955195903778076,3.836171596785893,3.7694921980006133,3.824769291230797,331644000,3.5926671981811524,4.072088990211487,65.75932992943208,-0.07856037158263085,-0.13398738219829046,0.0015687980754312222,-0.4300866098432774
2019-06-20,3.819810628890991,3.8998754355419747,3.8054337611178273,3.8859942892236727,350168000,3.5952370524406434,4.054765110015869,72.30738134023855,-0.060726590766713606,-0.1193352239119751,0.006379531864707804,0.05585507351256158
2019-06-21,3.761807441711426,3.8540184995073092,3.7553625891879383,3.804938523304347,434428000,3.6009481310844422,4.034874811172485,71.18289595440831,-0.05068924932393237,-0.10560602899436655,-0.015301303316771743,0.24062735601197138
2019-06-24,3.784116506576538,3.81361418219415,3.7360279741490294,3.7831250635560445,282948000,3.6104610681533815,4.015708031654358,64.15597236489435,-0.04046793960802475,-0.09257841111709819,0.005912895495909705,-0.3486883902510888
2019-06-25,3.7548673152923584,3.863934099675752,3.7521407284212343,3.789074704454762,311868000,3.6207646489143372,3.9967138957977295,65.18765592642134,-0.03433188668964959,-0.08092910623160847,-0.007759490863017573,0.10220959328215784
2019-06-26,3.94771671295166,4.008695191075361,3.8691392925448316,3.8820289983345857,584072000,3.644412267208099,3.984206199645996,69.91768679498774,-0.013749193715939079,-0.0674931237284746,0.050084415308190786,0.8728179870971051
2019-06-27,4.046125411987305,4.065211995295478,3.997293166334973,4.033235703770046,445440000,3.6743064880371095,3.9719285488128664,71.56417520177291,0.010383800345691085,-0.051917738913641466,0.024622370376587675,-0.2373542987850813
2019-06-28,4.070913314819336,4.099171575360324,4.02431217194455,4.089999897797798,397668000,3.7099639058113096,3.960602254867554,70.16345084776886,0.031150465430768826,-0.03530409804475941,0.0061076411539006375,-0.10724676724137927
2019-07-01,4.119001388549805,4.311851028416398,4.081571454721185,4.277643639416192,709756000,3.7501078844070435,3.950727968215942,69.87120548247435,0.05090173922315211,-0.018062930591177105,0.0117433766066348,0.7847953569309072
2019-07-02,4.021336078643799,4.123462266558807,4.0081986322481065,4.102392331026938,400228000,3.7739414095878603,3.937825813293457,70.98714781150125,0.05800534223923348,-0.002849276025094988,-0.02399654727848235,-0.4361048022137185
2019-07-03,4.034226894378662,4.050339146838911,3.974488303601062,4.044637757349251,246636000,3.800551199913025,3.924092025756836,69.76809673461622,0.0639381408177,0.01050820734346401,0.0032004781742709884,-0.3837612560840321
2019-07-05,3.97176194190979,3.9804376615442005,3.9085525870976436,3.9759759304166837,396552000,3.8209392428398132,3.908861346244812,71.92690917542171,0.06287474587946384,0.02098151505066398,-0.015604873132320332,0.607843137254902
2019-07-08,3.896902084350586,3.93110947574305,3.866908917626089,3.9122706362165114,329788000,3.8354525685310366,3.8942429876327513,65.95075696026825,0.055353353847581666,0.027855882810047517,-0.019027910189309466,-0.16836127418346147
2019-07-09,3.899380922317505,3.927391202558349,3.8421209396168536,3.8547626680172926,342860000,3.846458446979523,3.8840418243408203,57.27904285646103,0.04902745994135893,0.032090198236309805,0.0006359025315858654,0.03963758535786632
2019-07-10,3.9675474166870117,4.024807158528224,3.9288782974941214,3.942759447031385,452076000,3.8579972267150877,3.8745899391174317,60.5343003466286,0.04895034079141425,0.0354622267473307,0.01733032195477493,0.31854401213323214
2019-07-11,4.12172794342041,4.162379948970753,4.003241741369174,4.040423459528527,682560000,3.8828842639923096,3.867394695281982,65.95079127114026,0.060631382441370896,0.040496057886138734,0.038124354556206067,0.509834629575558
2019-07-12,4.154695987701416,4.225589614779402,4.149490556221436,4.149490556221436,506392000,3.9068665623664858,3.861121263504028,71.32095430863653,0.07172216923293995,0.04674128015549898,0.007966778629868778,-0.2580989217065166
2019-07-15,4.146266937255859,4.191876622939585,4.118009158135677,4.175764847460104,289840000,3.934914004802704,3.8533323192596436,69.95347422166068,0.07892178256135596,0.05317738063667038,-0.0020308615804746247,-0.42763708747373574
2019-07-16,4.141556739807129,4.168575328694478,4.0860316886667505,4.131393623865391,341444000,3.9622425556182863,3.845538330078125,71.89762898648873,0.0832873694744749,0.059199378404231284,-0.0011366549626028654,0.17804305823902844
2019-07-17,4.206749439239502,4.213690012341834,4.114042672468542,4.143292365625822,348204000,3.9831015348434446,3.8406130123138427,67.14786538304921,0.0909591145095634,0.06555132562529771,0.015618503508360318,0.019798268530125007
2019-07-18,4.2183990478515625,4.281112414602419,4.160643367886861,4.217159862550541,442192000,4.004245507717132,3.8392582511901856,62.88446477709923,0.09686248336354852,0.07181355717294788,0.002765438746688987,0.2699222294976509
2019-07-19,4.17526912689209,4.263018216492399,4.169319996004684,4.25657360049254,344896000,4.0220184326171875,3.8366397762298585,57.59642619126958,0.0969432204419709,0.07683948982675248,-0.010276865764624103,-0.22003111770452655
2019-07-22,4.246659278869629,4.25954898686001,4.189151314543984,4.196587848196946,315940000,4.046261024475098,3.837296199798584,58.987758401663015,0.10159665084131486,0.08179092202966497,0.0169538040484592,-0.08395574318055299
2019-07-23,4.354238033294678,4.356220919527254,4.27020696470607,4.285823730358957,428176000,4.0747671008110045,3.8407826042175293,73.1153046940081,0.11266648525828327,0.08796603467538863,0.025017009539580613,0.3552446667088687
2019-07-24,4.428601264953613,4.434302653600209,4.321517848638418,4.397368680660208,366236000,4.108453798294067,3.850891408920288,75.22987331114575,0.1259875935491186,0.09557034645013462,0.01693416131038523,-0.14466013975561454
2019-07-25,4.297723293304443,4.399849541066907,4.274422715691322,4.38720757233941,392700000,4.125954127311706,3.8566049194335936,69.17475326467614,0.12454819525739858,0.10136591621158743,-0.02999837684557114,0.07225941742482989
2019-07-26,4.339613437652588,4.386214576385118,4.324740844455043,4.324740844455043,274160000,4.140628528594971,3.8643744087219236,77.09353122619842,0.12534277283715767,0.10616128753670148,0.009699858670916243,-0.30185892538833714
2019-07-29,4.333415508270264,4.349527756106696,4.24541868348631,4.3324240653372845,248160000,4.153753638267517,3.8717178773880003,76.44215364477196,0.12404247574422378,0.10973752517820595,-0.0014292424194659167,-0.09483513276918587
2019-07-30,4.349031925201416,4.361177928869398,4.272685143640128,4.287062248565768,197772000,4.165255165100097,3.8811860704421997,74.83058438378154,0.12285588905060063,0.11236119795268489,0.0035972423422564598,-0.2030464216634429
2019-07-31,4.182209014892578,4.3185425722487985,4.1400696204793555,4.317550656604295,359416000,4.173298811912536,3.8896848154067993,53.872934951743275,0.10721834949049747,0.11133262826024741,-0.03911369499625272,0.8173250005056327
2019-08-01,4.088016986846924,4.282849534099801,4.035962197152709,4.192621578676747,421212000,4.17598831653595,3.8946606397628782,46.04063224847782,0.08623096042420464,0.10631229469303886,-0.02277957121860493,0.17193447147594987
2019-08-02,3.995558261871338,4.064716753669792,3.9482136510920665,3.995558261871338,428348000,4.177178132534027,3.899203534126282,41.86300371091045,0.061429535540320046,0.0973357428624951,-0.022876698589498947,0.016941587609089925
2019-08-05,3.7377636432647705,3.8136144773001788,3.690914529185375,3.812375055230867,589156000,4.169221210479736,3.9010070896148683,32.87786345204505,0.020733355180738045,0.0820152653261437,-0.0666958333655792,0.37541438269817995
2019-08-06,3.776433229446411,3.8577374884867206,3.728840642356631,3.8123757669799567,361272000,4.1630738258361815,3.9046585988998412,31.333321887794142,-0.008302640849239928,0.06395168409106697,0.010292497843650302,-0.3867973847334153
2019-08-07,3.814605951309204,3.8265042141545442,3.6983508551753905,3.7157022914951865,372560000,4.155426752567291,3.9099748039245608,32.87786345204505,-0.027911906184534985,0.04557896603594658,0.01005739602217411,0.031245156004340302
2019-08-08,3.922929525375366,3.924168947611292,3.814854412196198,3.8721143956805033,309300000,4.145486831665039,3.9189381074905394,39.860575719122004,-0.03431600951392344,0.02959997092597258,0.028001332495051278,-0.1697981533175864
2019-08-09,3.8217949867248535,3.8854998239839995,3.7714755786567715,3.88202953628245,341816000,4.128841781616211,3.9264091873168945,33.32679632645163,-0.047010116236831045,0.014277953493411856,-0.026118498527116785,0.10512770772712576
2019-08-12,3.7541236877441406,3.821794526165038,3.7323102845376672,3.769739980519211,279200000,4.109234619140625,3.934336361885071,25.68784228878306,-0.06181819388729348,-0.0009412759827292123,-0.01786531819151747,-0.18318627565707868
2019-08-13,3.8681483268737793,3.9140060061178206,3.713720044265559,3.752636911391859,351956000,4.095564198493958,3.9453768920898438,28.001561698118365,-0.06361950067560684,-0.013476920921304739,0.029921038155872142,0.2605873925501432
2019-08-14,3.7199156284332275,3.791304720223542,3.676289066292724,3.7801501598565834,419880000,4.071222507953644,3.948881893157959,27.62519958202948,-0.07613060301298402,-0.026007657339640597,-0.039074936531895296,0.1929900328450147
2019-08-15,3.6876916885375977,3.7585850650011694,3.653484540473427,3.7387547862750132,477200000,4.044687139987945,3.952595105171204,24.564821446843354,-0.08763573420330983,-0.038333272712374446,-0.00870028385206433,0.1365151948175669
2019-08-16,3.955153465270996,4.004233210635845,3.888721810046788,3.9499480341505486,1007960000,4.033681356906891,3.960418152809143,37.7410496417075,-0.07431504586140436,-0.04552962734218043,0.07001869966953407,1.1122380553227158
2019-08-19,4.233272075653076,4.249136580460374,4.052073001732162,4.068185249067221,815112000,4.033011996746064,3.972950882911682,46.7938917990318,-0.04084561404326248,-0.04459282468239685,0.06795583105695334,-0.1913250525814516
2019-08-20,4.161139965057373,4.228315071121074,4.140070029374255,4.227819113249839,463188000,4.023357093334198,3.982588415145874,49.384165906833644,-0.019911776124509117,-0.03965661497081931,-0.017186167577907977,-0.43174925654388596
2019-08-21,4.24442720413208,4.299456311294305,4.205510346462788,4.227075769043297,427244000,4.014148390293121,3.9927415227890015,54.60109601738456,0.003360290047134562,-0.031053233967228533,0.01981780961870156,-0.0776013195505928
2019-08-22,4.250624179840088,4.296481607546231,4.211459110233813,4.254094466555244,303488000,4.011793434619904,4.0052742624282835,57.90439166364723,0.022049442060916746,-0.020432698761599477,0.0014589615829573488,-0.28966117721957474
2019-08-23,4.026542663574219,4.228563996129451,4.006712380628328,4.1742785788354055,568056000,3.9961398959159853,4.01230411529541,59.14013142117273,0.018565215793401535,-0.012633115850599275,-0.05415773010292955,0.871757697174188
2019-08-26,4.101154327392578,4.129164844397191,4.0629811626875,4.105120573103637,318208000,3.9845268368721007,4.022620840072632,60.04909523546012,0.021575767075948882,-0.005791339265289645,0.01836036945648631,-0.4398298759277255
2019-08-27,4.010679244995117,4.142054712480044,3.981429537678718,4.139328124982975,290968000,3.967609202861786,4.030934710502624,55.8775825661446,0.01647119792286489,-0.001338831827658738,-0.022307862597557793,-0.08560438455349961
2019-08-28,4.000257968902588,4.0528602686035375,3.94517437060847,3.9843782258174887,255612000,3.9585116505622864,4.0351484727859495,52.46257420811148,0.011452858779331443,0.0012195062937392983,-0.002601763487315363,-0.12151164389211189
2019-08-29,4.143674373626709,4.17593031173762,4.0880943212816305,4.091568044974488,357976000,3.9612945199012755,4.0421115684509275,59.98165232034268,0.018831219556215473,0.004741848946234533,0.035224072810999485,0.4004663317841104
2019-08-30,4.156327724456787,4.239449565283456,4.1382146718883694,4.189824543304017,290616000,3.969332993030548,4.048841910362244,62.913196159306885,0.02540676986578916,0.008874833130145459,0.0030490017913517163,-0.18816903926520212
2019-09-03,4.073453903198242,4.1166274499411415,4.050626717378443,4.083627083659792,296140000,3.9861175060272216,4.05507483959198,56.72609739599362,0.023658001376986704,0.01183146677951371,-0.02014066142791152,0.019007900459713234
2019-09-04,4.187342166900635,4.194786060258999,4.133995447646927,4.133995447646927,227728000,4.006662952899933,4.063139352798462,65.66608691149563,0.03110338041897709,0.015685849507406386,0.027574940513984132,-0.23101235901938277
2019-09-05,4.45978307723999,4.465986085467713,4.287584880726188,4.289321741960317,695676000,4.038921809196472,4.077237668037415,72.2882531093156,0.05831537815223431,0.024211755236371972,0.06303392250457251,2.054854914635003
2019-09-06,4.432737350463867,4.493279507064552,4.394774390362867,4.4364590608238235,376976000,4.064412200450898,4.086938080787658,66.0086528938988,0.07681326280837464,0.034732056750772504,-0.006082822162418374,-0.4581155595420857
2019-09-09,4.478641033172607,4.564988610694491,4.4622648419069675,4.463753715638196,417524000,4.097254502773285,4.095588393211365,59.741285440169136,0.09409237490253375,0.046604120381124756,0.010302354303496974,0.10756122405670387
2019-09-10,4.545138835906982,4.571687736460456,4.436212054237598,4.445888787269379,352812000,4.136805260181427,4.1050729036331175,65.31347883696483,0.11186253103599864,0.05965580251209954,0.01473861451704666,-0.1549898927965817
2019-09-11,4.573672294616699,4.621808437111051,4.530746736211372,4.559777403712635,361512000,4.172081458568573,4.114166321754456,63.72952979218307,0.1267864047010443,0.0730819229498885,0.006258173664678081,0.024659025203224383
2019-09-12,4.5721821784973145,4.674657444324101,4.564242310604144,4.620070320142071,327840000,4.214694786071777,4.1251832437515255,63.46182254307705,0.13691516933848114,0.08584857222760703,-0.00032585607762523146,-0.09314213636061874
2019-09-13,4.514369010925293,4.5426552320366245,4.470699030616971,4.5056847070655515,324592000,4.256028652191162,4.134786086082459,73.7254685511371,0.13867864770293892,0.09641458732267341,-0.012725168549608321,-0.009907271839921905
2019-09-16,4.471444129943848,4.5059333627447185,4.429015028616985,4.439436194793438,231832000,4.281843185424805,4.1447797298431395,68.58179440991292,0.13505569981670984,0.1041428098214807,-0.009553995129671122,-0.28577414107556565
2019-09-17,4.492782115936279,4.497000273869562,4.431743529663977,4.478142793671026,223048000,4.294818687438965,4.156697330474853,75.99663677994822,0.13238028710961203,0.10979030527910698,0.0047607067711284345,-0.037889506194140554
2019-09-18,4.4657368659973145,4.501466982396567,4.379389794587787,4.485835233944061,258152000,4.310048532485962,4.16802444934845,74.65813356181684,0.1266181029467015,0.11315586481262589,-0.006037902505431322,0.15738316416197407
2019-09-19,4.390307426452637,4.4900534102224805,4.379637799741761,4.4716919031420375,245476000,4.31734254360199,4.176479649543762,64.07919213827593,0.11464346658249003,0.11345338516659872,-0.017034978850716788,-0.04910285413244908
2019-09-20,4.284855365753174,4.412887601997053,4.274682658844729,4.389315980085497,350244000,4.319054102897644,4.179742197990418,56.63418759494394,0.09554302052530161,0.1098713122383393,-0.024312455576330442,0.42679528752301654
2019-09-23,4.33820104598999,4.3836078907970535,4.281380611353213,4.2851027942122215,249712000,4.334637022018432,4.183412299156189,64.09506396681047,0.08374497009454007,0.10464604380957947,0.012372958785340034,-0.28703418188462904
2019-09-24,4.280885219573975,4.3989922511248905,4.245403559873673,4.369465611551954,317268000,4.343623566627502,4.186104664802551,55.29943335552079,0.06897492197919508,0.0975118194435026,-0.013299941437673685,0.2705356570769526
2019-09-25,4.4223151206970215,4.441917038852592,4.235725626464752,4.280388033094018,308432000,4.364205360412598,4.1917198324203495,47.50733751822484,0.06789906531768164,0.09158926861833841,0.03250352671510385,-0.027850271694592532
2019-09-26,4.400232315063477,4.4213231082739,4.349366896832507,4.412638803204647,234564000,4.384204077720642,4.195589489936829,47.823135160544105,0.06452078782216564,0.08617557245910386,-0.005006003517851798,-0.23949525341080047
2019-09-27,4.26177978515625,4.409165469798091,4.201237158861238,4.358548034890815,362056000,4.390109348297119,4.196457104682922,37.07853101469633,0.05009406332086108,0.0789592706314553,-0.03197047543432351,0.5435275660374141
2019-09-30,4.319095134735107,4.329268311412033,4.25631968719553,4.287583653722064,186184000,4.398247718811035,4.199333624839783,36.38239197504266,0.04279236616150506,0.07172588973746526,0.013359057790101695,-0.48575910908809683
2019-10-01,4.3173604011535645,4.4910475069552,4.312646265369863,4.342172912447982,366008000,4.410443043708801,4.2007476472854615,34.043727947973395,0.036445617660786134,0.06466983532212943,-0.000401723507442154,0.9658402440596399
2019-10-02,4.293540000915527,4.307434891111473,4.221335790853704,4.295524850012319,293372000,4.415752935409546,4.199533686637879,33.12282412362761,0.02915755636447237,0.05756737953059802,-0.005532629548039558,-0.19845467858626042
2019-10-03,4.498738765716553,4.504941774364291,4.267735259417239,4.298006339155952,450588000,4.417700719833374,4.200936436653137,49.196706937105475,0.039484389220554306,0.05395078146858928,0.04668551549812264,0.5358929959232646
2019-10-04,4.515115261077881,4.544393918211177,4.435963597026066,4.500971908211548,265524000,4.4218196153640745,4.205284276008606,52.30737680343725,0.0484316352281251,0.05284695222049645,0.003633631814152989,-0.41071666355961545
2019-10-07,4.573672294616699,4.673169841237255,4.571190996489656,4.5798753033046955,480984000,4.426571178436279,4.2099654531478885,54.112127648331025,0.059560874687544896,0.05418973671390614,0.012885732760764247,0.811452072129073
2019-10-08,4.3975043296813965,4.482114568803181,4.379391277573757,4.482114568803181,444436000,4.419189453125,4.211247229576111,46.9880020207123,0.05354832293370393,0.0540614539578657,-0.039279265574793096,-0.07598589558072621
2019-10-09,4.483851432800293,4.533228465686125,4.445392491319718,4.474174700465516,292412000,4.4146984100341795,4.213943619728088,54.08990383172052,0.055115484937373616,0.054272260153767286,0.019445189715441243,-0.3420604991494839
2019-10-10,4.541414737701416,4.5922801532266915,4.476406447032556,4.481617029796941,309124000,4.413160037994385,4.2211277341842655,61.707471192837176,0.060307166272106194,0.05547924137743507,0.012756207822342935,0.05715223725428498
2019-10-11,4.614860534667969,4.697981884026245,4.60642421652328,4.625281701814051,446404000,4.418184614181518,4.231664605140686,62.397271133268575,0.06954638569383498,0.05829267024071505,0.016043067746447055,0.4440936323287743
2019-10-14,4.62825870513916,4.649101038214642,4.575159974748541,4.606175486565861,200040000,4.426025342941284,4.244318614006042,66.20377887617735,0.07706133888868827,0.062046403970309694,0.0028990602646969854,-0.551885735790898
2019-10-15,4.87241268157959,4.944865345798221,4.704432656393893,4.718328018520987,664124000,4.44500687122345,4.267011594772339,69.15937475262295,0.10154760131991836,0.06994664344023144,0.05140852382212789,2.3199560087982403
2019-10-16,4.818819046020508,4.943129583323917,4.807405452379285,4.838420971426894,428944000,4.4626609802246096,4.287859311103821,67.35253978369813,0.11529948156964576,0.07901721106611431,-0.01106034473476929,-0.3541206160295367
2019-10-17,4.820804595947266,4.908144123758238,4.766464964828939,4.86323371063679,263436000,4.484185838699341,4.307983283996582,76.1310000374459,0.12491818396379273,0.08819740564565,0.00041195590794511686,-0.385849901152598
2019-10-18,4.726515293121338,4.853803060480866,4.652326250189994,4.82129867901973,307440000,4.506268835067749,4.324054999351501,68.40811004595014,0.1235089815233632,0.09525972082119265,-0.01975263626091645,0.16703867352981372
2019-10-21,4.863482475280762,4.876881394301317,4.768947024940553,4.787804517427591,261868000,4.532532906532287,4.34488874912262,71.98798638754191,0.1319235527577005,0.10259248720849423,0.028566533516211644,-0.14823054905022115
2019-10-22,4.853557586669922,5.025259389660538,4.8458657025441845,4.920302771799138,328720000,4.561166524887085,4.3668774271011355,72.80259144979998,0.13622103423151355,0.1093181966130981,-0.002042780928946608,0.2552889241908136
2019-10-23,4.840654373168945,4.854797253245495,4.739915931328009,4.771675887794921,279916000,4.5820834875106815,4.3863275480270385,66.50691884998147,0.13700631426098742,0.11485582014267598,-0.002662046419927067,-0.1484667802385009
2019-10-24,4.8845720291137695,4.918068371577361,4.847849478413519,4.881842269819497,232020000,4.606300473213196,4.40962067604065,67.37451243943754,0.13956363938211602,0.119797383990564,0.0090317598105899,-0.17110847539976282
2019-10-25,5.075130939483643,5.095973274992065,4.957271886168225,4.964963768071458,423092000,4.646968030929566,4.43736946105957,70.9777299564222,0.15517805345943358,0.12687351788433793,0.03827065301023698,0.8235152142056719
2019-10-28,5.130959510803223,5.183313342999633,5.089522349919318,5.11880100719679,330792000,4.687561249732971,4.4608855819702145,84.11808989606425,0.1700967191414069,0.13551815813575174,0.010940355357476637,-0.21815586208200577
2019-10-29,5.034934043884277,5.123514432062237,5.015580584244966,5.1170629633430345,211236000,4.723439931869507,4.476918821334839,75.40591731377485,0.1721865570680361,0.14285183792220862,-0.018892254277700093,-0.3614234927084089
2019-10-30,5.036919116973877,5.067438654333333,4.968933070897511,5.061731622001463,205960000,4.760608887672424,4.494434404373169,74.07751531334311,0.17202000791720895,0.1486854719212087,0.0003941822986492975,-0.024976803196424813
2019-10-31,4.987790107727051,5.036918664499523,4.908142489595868,5.016076332521951,209732000,4.785061454772949,4.509301662445068,68.55997790145454,0.16601005547545,0.15215038863205696,-0.009801661369749215,0.01831423577393676
2019-11-01,5.026747703552246,5.059003637100088,4.92749765792349,4.952558157199556,283640000,4.8106430768966675,4.524824132919312,69.33999466797005,0.16251727923533466,0.1542237667527125,0.007780247690920475,0.35239257719375194
2019-11-04,5.2230119705200195,5.235418459130673,5.0845590597428405,5.107634229366271,376716000,4.843110060691833,4.548753519058227,67.84528487992793,0.17358513362885297,0.1580960401279406,0.038301046159340914,0.32814835707234513
2019-11-05,5.200929164886475,5.248816837915492,5.153041018598312,5.222763922024642,300868000,4.883281302452088,4.570749015808105,70.09372556748627,0.1785167600276072,0.1621801841078739,-0.004236946157317764,-0.20134000148653097
2019-11-06,5.151800632476807,5.2024175912470945,5.0644606569634405,5.1768611240691085,269012000,4.916678762435913,4.593571443557739,66.58359131129893,0.17642710564605935,0.165029568415511,-0.009491004239231726,-0.10588031960859912
2019-11-07,5.169417381286621,5.252787188243311,5.124754967800568,5.238147862634401,280340000,4.948078894615174,4.61695463180542,74.03706358674695,0.1741846714271551,0.16686058901783984,0.003413699021598085,0.042109645666364326
2019-11-08,5.155522346496582,5.187034306800953,5.115078093051343,5.152545073202675,189100000,4.975111985206604,4.637191591262817,68.29324533567824,0.16933433219630434,0.16735533765353275,-0.0026915494995337105,-0.3254619390739816
2019-11-11,5.165450096130371,5.188525277051528,5.0686813306253935,5.1547804633753875,243436000,5.001971554756165,4.657374038696289,69.53673558384459,0.16439643012358918,0.16676355614754404,0.0019238018027604707,0.2873400317292438
2019-11-12,5.200929164886475,5.256757179837685,5.168672768132822,5.2036584503713526,283504000,5.018397378921509,4.6799235439300535,71.94665768139264,0.16148447894034135,0.1657077407061035,0.006845052914406836,0.16459356874085995
2019-11-13,5.175123691558838,5.197206434162051,5.108874517231011,5.169664647905079,300188000,5.036212611198425,4.699679174423218,68.09875064677539,0.1553042004664711,0.16362703265817702,-0.00497405456382003,0.05884925785879558
2019-11-14,5.20539665222168,5.207629962698635,5.1242601371146135,5.184057865170301,518080000,5.055442214012146,4.714591445922852,60.13901352947245,0.15110719054162658,0.16112306423486694,0.005832664545513477,0.7258517995389555
2019-11-15,5.066447734832764,5.254773705357175,4.978363292156554,5.203163831012112,1053628000,5.072438836097717,4.727265653610229,45.554092839871636,0.13501267151487895,0.15590098569086935,-0.027055977141647557,1.0337168004941324
2019-11-18,5.267179489135742,5.2937283863706925,5.056025884186897,5.059003158109409,574588000,5.092623686790466,4.743036422729492,63.98689799828615,0.13687718918458902,0.1520962263896133,0.03885508995925997,-0.4546576210958706
2019-11-19,5.160731315612793,5.2597328388730515,5.102670481838212,5.236161227909752,414564000,5.1079823732376095,4.755348272323609,56.62318263141758,0.1282865474290027,0.14733429059749117,-0.02041672069644881,-0.2785021615487967
2019-11-20,5.239886283874512,5.323504103527588,5.125252942650369,5.137907423108266,472588000,5.127943968772888,4.7686725521087645,63.065849723599605,0.1264083891350598,0.1431491103050049,0.01522149926383545,0.13996391389508012
2019-11-21,5.2150726318359375,5.290998551465639,5.19348586004434,5.235418991269967,288388000,5.144468998908996,4.7815303611755375,59.90589368394123,0.12151690952122873,0.13882267014824967,-0.004746780705734943,-0.389768678002827
2019-11-22,5.232690811157227,5.284052222975251,5.209118712049796,5.237652934895209,224100000,5.152346992492676,4.795896797180176,50.62692962006175,0.1177051844189716,0.13459917300239407,0.0033726253695154185,-0.2229218968889135
2019-11-25,5.488753795623779,5.493716391664909,5.347571109090329,5.360473574841742,506476000,5.170236706733704,4.816242990493774,64.3067615881043,0.1338040973086212,0.1344401578636395,0.047775593210870985,1.260044622936189
2019-11-26,5.384294033050537,5.475851712081747,5.377842563094921,5.4711371035358365,385244000,5.187704706192017,4.8340732288360595,60.95390308648743,0.13655940016722035,0.13486400632435566,-0.019215031190857705,-0.23936376057305775
2019-11-27,5.4190568923950195,5.46400044083972,5.392736575824608,5.4297343951315495,215784000,5.2068115949630736,4.853139629364014,61.57473038164429,0.13993498634126933,0.1358782023277384,0.006435591987145691,-0.4398770649250865
2019-11-29,5.381810665130615,5.416573524581934,5.357973005159174,5.388266895376397,141556000,5.226512622833252,4.8729696941375735,60.269655801923484,0.1380137666520831,0.13630531519260736,-0.006896922808939688,-0.3439921402884366
2019-12-02,5.195827007293701,5.388265430503943,5.1806805399113,5.37485663201326,372036000,5.234966588020325,4.891189126968384,51.188651637467686,0.12009942790402484,0.13306413773489087,-0.03516906759316018,1.6281895504252732
2019-12-03,5.15634822845459,5.160320856261252,4.975332231378648,5.012578221912661,465232000,5.231633400917053,4.907552070617676,48.260986829011514,0.101546018574032,0.1267605139027191,-0.007627183529293721,0.2505026395295078
2019-12-04,5.20004940032959,5.262126202217156,5.171494128294318,5.239778515648959,273424000,5.231589412689209,4.925935354232788,50.95891416128718,0.0893387854471257,0.11927616821160045,0.00843950431929023,-0.4122846235856519
2019-12-05,5.183164596557617,5.237543838915353,5.152622538351522,5.2219005536134775,184884000,5.233157610893249,4.94115234375,49.135810981635984,0.07740967217845629,0.11090286900497162,-0.003252329897177021,-0.32381941599859554
2019-12-06,5.268333435058594,5.301110450292041,5.242261293676923,5.252193808646158,232236000,5.2381034135818485,4.9585143661499025,58.18998418816662,0.0739754346868029,0.10351738214133788,0.016298280599821788,0.2561173492568314
2019-12-09,5.268333435058594,5.322961320172626,5.236798694608872,5.245489408402762,211880000,5.243743968009949,4.978645439147949,50.05591993374644,0.07044176788067169,0.09690225928920465,0.0,-0.08765221584939453
2019-12-10,5.313276767730713,5.3649247022824476,5.245736905989348,5.298377997188875,256388000,5.251135301589966,4.998529071807861,57.86090485511516,0.07045569344081493,0.09161294611952671,0.00849466235611726,0.21006229941476318
2019-12-11,5.396708011627197,5.402171084009661,5.321222891078075,5.3237060196867665,233796000,5.260924243927002,5.020116024017334,58.045808010701684,0.07631917373818808,0.08855419164325899,0.015580401530996631,-0.08811644850773048
2019-12-12,5.563818454742432,5.5819448661305096,5.35896533106347,5.367904214572435,404348000,5.280358982086182,5.045521593093872,65.61288937067528,0.09337408198334884,0.08951816971127696,0.03049550478251141,0.7294906670772809
2019-12-13,5.56183385848999,5.6857393064919535,5.507950949214585,5.566800116909639,454704000,5.2981808423995975,5.066783494949341,64.94449046363529,0.10551378210989437,0.09271729219100044,-0.0003567604339262761,0.12453629052202553
2019-12-16,5.590636730194092,5.662894219865034,5.581201029609997,5.609259960549348,320976000,5.324390292167664,5.088293924331665,55.82881935199452,0.11612017189358514,0.09739786813151739,0.005165301358874529,-0.29409901826243
2019-12-17,5.668605327606201,5.6912011848591,5.599824125402804,5.609259825760161,321196000,5.344461584091187,5.110192584991455,66.77417249396265,0.12932643180948133,0.10378358086711019,0.013849927613085223,0.0006854095010218053
2019-12-18,5.698899745941162,5.759238415249279,5.694926644287925,5.7033691892957465,343548000,5.371370005607605,5.13622049331665,66.59805407215465,0.14061605990923187,0.11115007667553453,0.00533001566458116,0.06958990771989693
2019-12-19,5.8466410636901855,5.860049864322609,5.728446881201196,5.733413138739753,445360000,5.401707744598388,5.163476285934448,74.3751068952032,0.15964438009375392,0.12084893735917841,0.02559419001344125,0.2963545123243332
2019-12-20,5.943729400634766,5.969056556472386,5.893819601347594,5.912939172025918,603044000,5.43814058303833,5.191522579193116,93.2514153193672,0.18047823754337422,0.13277479739601758,0.01646946239294152,0.35405963714747624
2019-12-23,5.930073261260986,6.004317070011613,5.919396232233071,5.97228550931941,355060000,5.473009705543518,5.217826833724976,96.12226207348209,0.19365494964025753,0.14495082784486557,-0.0023002143094066766,-0.4112204084610741
2019-12-24,5.925106048583984,5.942239305321778,5.880410678591197,5.914677192066785,138864000,5.494827318191528,5.243763780593872,95.31365291659961,0.20137544557508935,0.15623575139091034,-0.0008379819212936865,-0.6088999042415366
2019-12-26,5.9392595291137695,5.967317982505401,5.909710630228528,5.928582028747246,182852000,5.52257559299469,5.265100717544556,97.41531814827263,0.20625844288167627,0.16624028968906354,0.002385881849488347,0.3167703652494527
2019-12-27,5.881650924682617,5.967813527172361,5.85533014594945,5.954404730276393,254644000,5.5457052946090695,5.286357355117798,89.83871487297155,0.20313807126832284,0.1736198460049154,-0.009746975199693248,0.39262354253713383
2019-12-30,5.768672466278076,5.865015772917134,5.73738589814169,5.859801344894404,258056000,5.565048384666443,5.305314712524414,78.34046467810094,0.18936584530230238,0.1767690458643928,-0.019395513125789205,0.013399098349067717
2019-12-31,5.842668533325195,5.852104233361392,5.714293662838255,5.733413233709171,231004000,5.597390460968017,5.3276377773284915,79.03061744794459,0.18232044460559216,0.17787932561263267,0.012745654232217693,-0.1048299593886598
2020-01-02,5.9571380615234375,5.9571380615234375,5.87792847479062,5.9283346184940875,237536000,5.63742995262146,5.349510889053345,79.72094392326261,0.18385429024528843,0.17907431853916383,0.01940254161664219,0.028276566639538814
2020-01-03,5.86178731918335,5.905489527898822,5.812870682746855,5.837701493917199,205384000,5.670516848564148,5.369675483703613,67.1038009663084,0.17535448854845814,0.1783303525410227,-0.016135614370584302,-0.1353563249360097
2020-01-06,5.886369705200195,5.891584133115414,5.742600207761552,5.768672347337643,262636000,5.705677103996277,5.390589790344238,68.15771739205832,0.1686577460631291,0.176395831245444,0.004184898421518398,0.27875589140341983
2020-01-07,5.957634449005127,6.003322975997539,5.869733680543367,5.9146772215510675,314856000,5.740142154693603,5.4120510387420655,69.60206521440148,0.16717392172928314,0.17455144934221184,0.012034038980460373,0.1988303202912014
2020-01-08,5.968808650970459,6.010027738144992,5.913436250059325,5.953413535981772,277108000,5.775165915489197,5.429924592971802,67.26644828501657,0.16499765471020833,0.17264069041581115,0.0018738537787590707,-0.11988972736743142
2020-01-09,6.034362316131592,6.106619811010042,5.9807280529505515,6.054971861692461,255112000,5.811220192909241,5.447992649078369,68.5423488655029,0.1666416392555785,0.17144088018376463,0.01092283315757963,-0.07937699380746854
2020-01-10,6.0666399002075195,6.171673904695833,6.052486590125505,6.141380497763163,316296000,5.844716787338257,5.468626766204834,63.939484212708024,0.1686054613270347,0.17087379641241868,0.005334708654396028,0.23983191696196182
2020-01-13,6.256845474243164,6.281924462411108,6.1269806168674785,6.149576949548927,319840000,5.879368138313294,5.49302529335022,67.745548019985,0.18339573282942911,0.17337818369582078,0.030871246899005146,0.01120469433695015
2020-01-14,6.140141010284424,6.2394638021876485,6.126980379230819,6.214136170566636,359088000,5.9082834959030155,5.516072311401367,60.66023454529264,0.1835838147126081,0.17541930989917826,-0.018828432510497588,0.12271135567783897
2020-01-15,6.097680568695068,6.175152494161595,6.071856593539559,6.152804805138233,263104000,5.933635687828064,5.5374909687042235,58.436542070235554,0.17825189133517672,0.17598582618637795,-0.00693924350811656,-0.26729938065321035
2020-01-16,6.1811113357543945,6.187070750514712,6.127725247332513,6.151066091140248,284192000,5.9592609882354735,5.556652956008911,61.073220359705,0.17869854370989735,0.17652836969108182,0.013589618862901083,0.0801508148868888
2020-01-17,6.1898016929626465,6.207679936211552,6.142375022038857,6.200230549789076,253792000,5.983806085586548,5.576430406570434,64.77036013093675,0.1777052822570182,0.17676375220426913,0.0014049664107397028,-0.10696993581803849
2020-01-21,6.156528472900391,6.1900499995595695,6.122510131063469,6.15330035826598,217916000,5.999300456047058,5.596524963378906,70.12883655115377,0.17224768057521622,0.17586053787845857,-0.005389990413292556,-0.14135985373849447
2020-01-22,6.210411548614502,6.296822351590504,6.182849433154044,6.201720834154756,239240000,6.012634563446045,5.617344846725464,69.49193923834105,0.17030721030512552,0.17474987236379197,0.008714106576159486,0.0978542190568843
2020-01-23,6.278694152832031,6.287136694082492,6.161741797068114,6.250387532981389,244516000,6.030065608024597,5.639808282852173,67.92130012022795,0.17229312128118135,0.17425852214726986,0.010934855742889917,0.022053168366493958
2020-01-24,6.219600200653076,6.443573450537404,6.165469116815355,6.393911810141447,373512000,6.044790315628052,5.660891284942627,70.78188092323542,0.1671715325982186,0.17284112423745962,-0.009456393148054826,0.5275564789216247
2020-01-27,5.964338779449463,6.015241734130673,5.766437730526591,5.915670309087849,470536000,6.046044278144836,5.676159477233886,53.571464454850016,0.14089106874662694,0.1664511131392931,-0.04190742890776021,0.2597613999014756
2020-01-28,6.1572723388671875,6.189552058514575,5.977000924217719,6.030138826194003,310976000,6.059825348854065,5.695802450180054,58.227571485785774,0.13408607680794216,0.1599781058730229,0.031835677992488876,-0.3391026403930837
2020-01-29,6.096935749053955,6.178877113475648,6.0572061577627805,6.142872452573034,258848000,6.076238512992859,5.713633232116699,55.074793629113344,0.12241330870212863,0.15246514643884407,-0.009847568602170247,-0.167627083762091
2020-01-30,6.103638172149658,6.117046971026673,5.944473569825535,5.999349145534883,290504000,6.089286994934082,5.734377040863037,52.8780133740201,0.11240762033395946,0.14445364121786713,0.001098706308937539,0.12229571022376073
2020-01-31,5.870727062225342,6.0698694486625415,5.8290116343504925,6.057950619667328,370420000,6.084966444969178,5.746447992324829,43.023889577306385,0.08470760363748298,0.13250443370179033,-0.03890652819877934,0.2750943188389834
2020-02-03,5.967567443847656,5.986935186573986,5.846393308772589,5.85260089433316,255564000,6.090255451202393,5.762584714889527,38.96562913338737,0.06976514118547072,0.11995657519852641,0.01636089417101329,-0.3100696506668107
2020-02-04,6.136416912078857,6.155536960600173,6.0591936262661195,6.109103436607039,271544000,6.102757811546326,5.780515327453613,49.86338090453386,0.07073251261404234,0.1101117626816296,0.027901625984166668,0.0625283686278193
2020-02-05,6.2265496253967285,6.2672718847119,6.143366490831306,6.257091201481042,208220000,6.116203570365906,5.800744867324829,54.56781084194642,0.0778744301790022,0.10366429618110413,0.014581340167265961,-0.23319977609521847
2020-02-06,6.313210964202881,6.313210964202881,6.17987029595165,6.260818503807543,218284000,6.133423686027527,5.822355270385742,54.67162080535894,0.08949564697735113,0.10083056634035353,0.013822069073859836,0.0483334934204207
2020-02-07,6.2471604347229,6.2953320882230726,6.221832806853207,6.273232574934326,189752000,6.144063591957092,5.837523403167725,51.94936986201916,0.09231170739386663,0.09912679455105616,-0.010517386187330792,-0.13071045060563302
2020-02-10,6.5297346115112305,6.530479123908256,6.264790497583461,6.269756755214002,529608000,6.167218327522278,5.860432214736939,60.84577867278167,0.11600756703785464,0.10250294904841586,0.04423927097535176,1.7910535857329566
2020-02-11,6.651900291442871,6.766370000222853,6.575918362337463,6.637746980573556,638556000,6.186971068382263,5.885089082717895,62.340388609302664,0.14299608604648917,0.11060157644803054,0.01853627091842141,0.20571441519010292
2020-02-12,6.767364501953125,6.773820731779094,6.66580675646444,6.704542714595026,374644000,6.218332242965698,5.912800159454346,63.308178740282635,0.17172217230710451,0.12282569561984533,0.017209148471324483,-0.41329499683661264
2020-02-13,6.723661422729492,6.790704473225048,6.682194170230948,6.709508110864326,528016000,6.249631285667419,5.943356847763061,63.84337332672961,0.18878513189166046,0.13601758287420837,-0.006478859701183544,0.4093806386863261
2020-02-14,7.195694446563721,7.324317490360946,7.101586088770916,7.132872659897927,1041924000,6.300360441207886,5.984143772125244,80.21941886183048,0.23765720603851115,0.15634550750706894,0.06784999289120751,0.9732811126935548
2020-02-18,7.364045143127441,7.38242019831418,7.073277584067657,7.092645322270824,620164000,6.359072613716125,6.0274236869812015,79.977830402341,0.286668633588409,0.18241013272333695,0.02312653997773599,-0.4047896007770241
2020-02-19,7.81422758102417,7.831857654033963,7.486213974968702,7.486213974968702,694332000,6.441957569122314,6.080044946670532,85.73788041349073,0.3577130105199666,0.21747070828266288,0.059336727390412465,0.11959417186421661
2020-02-20,7.665242671966553,7.854452522643423,7.358583160433912,7.76630358951414,810052000,6.514699125289917,6.127983131408691,80.681012919122,0.3974132218034008,0.25345921098681046,-0.019249949417522238,0.16666378620026157
2020-02-21,7.301966667175293,7.578332680890328,7.217294045979917,7.55325370588077,768180000,6.56586275100708,6.168655796051025,76.74945570271163,0.39500916790475404,0.28176920237039915,-0.048552453237064724,-0.051690508757462506
2020-02-24,6.785738468170166,6.999034626035026,6.654632306032912,6.709011544937188,856916000,6.594169664382934,6.198105030059814,63.21909286105549,0.3474435238423892,0.2949040666647972,-0.07332059262403752,0.11551459293394784
2020-02-25,6.506890296936035,6.9225565056275835,6.4053325514422745,6.860727875099218,1055496000,6.621297240257263,6.220308675765991,55.78023789071562,0.28397322467693176,0.2927178982672241,-0.04196146457689728,0.23173799999066413
2020-02-26,6.645941734313965,6.839621511425255,6.505648514112078,6.507138012452967,747732000,6.645730710029602,6.241951141357422,56.44509887459607,0.24210204256118573,0.28259472712601647,0.021144741730896262,-0.291582346119739
2020-02-27,6.275991439819336,6.633767803366144,6.183814297198913,6.333136140736128,906416000,6.6546834945678714,6.256234292984009,49.47383421466917,0.17702628330783998,0.2614810383623812,-0.05727493194826952,0.21222042122043727
2020-02-28,6.710043430328369,6.769424425321909,6.007410894172658,6.024057286664083,1133252000,6.685003757476807,6.278622426986694,55.92700486769354,0.15864883831169063,0.24091459835224308,0.06687395252578958,0.2502559531164499
2020-03-02,6.86806058883667,6.896881729577299,6.484693639055509,6.879738226215909,890744000,6.734870433807373,6.302611532211304,54.474847560110334,0.1550479485995666,0.2237412684017078,0.023276341459524643,-0.21399300420383105
2020-03-03,6.6061882972717285,6.983343935019494,6.520967896060199,6.923714628259005,652792000,6.766801476478577,6.320757303237915,49.41694091801775,0.12956971318916644,0.20490695735919953,-0.038874934360999286,-0.26713848198809087
2020-03-04,7.068813800811768,7.07825514478719,6.638736722285123,6.713273723231877,597408000,6.813421320915222,6.345200757980347,53.532187980330576,0.14503615338433562,0.19293279656422674,0.06768585605810944,-0.08484172600154416
2020-03-05,6.790045738220215,7.03626513615308,6.7455719569568915,6.8697998032135255,540328000,6.8415961265563965,6.362127084732055,50.73723649585961,0.13326299295006372,0.18099883584139415,-0.04023500893460253,-0.09554609245272916
2020-03-06,6.6099162101745605,6.668303457897392,6.410157592567672,6.610909961054981,515412000,6.856431388854981,6.3757239437103275,43.04357014427191,0.10815103318794606,0.16642927531070453,-0.026886700101273094,-0.04611273152603601
2020-03-09,6.09809684753418,6.444940981492417,5.917718051294053,5.96045217762715,614160000,6.848978209495544,6.379183759689331,36.1001053191291,0.04641503540656533,0.1424264273298767,-0.08059424726949063,0.19159041698679902
2020-03-10,6.486682415008545,6.486682415008545,6.1117629836396725,6.373883391447351,580648000,6.84682559967041,6.390132217407227,35.22391412064566,0.028515708790543215,0.11964428362201,0.061774485596676317,-0.05456558551517521
2020-03-11,6.123687267303467,6.3753730040323875,6.026789699293367,6.347048975596242,499964000,6.82041494846344,6.394972944259644,33.622144480010235,-0.014789823375583211,0.09275746222249137,-0.05758680613410948,-0.13895509844174092
2020-03-12,5.374345779418945,5.866536307886631,5.361674389912644,5.60168251557704,816540000,6.750764012336731,6.3870864105224605,31.073121500353864,-0.10832664307059581,0.052540641163873934,-0.13052755860576795,0.6331975902264964
2020-03-13,5.98380708694458,5.988279202422606,5.456335828036192,5.726903790319086,634836000,6.7137712955474855,6.389909181594849,42.26758553568437,-0.13175798846412334,0.01568091523827448,0.10742015085936907,-0.22252920861194803
2020-03-16,4.879669189453125,5.61758282996687,4.820039885736427,5.277446673977681,726972000,6.597970032691956,6.368359804153442,36.46420441239654,-0.23669374105422047,-0.034794016020224514,-0.2039795734874441,0.14513354630172204
2020-03-17,5.39819860458374,5.487394518567797,4.745505537354452,4.991725024299422,833632000,6.49967770576477,6.35908802986145,40.23718717724918,-0.2748468275909808,-0.08280457833437577,0.1009878776515898,0.14671816796245252
2020-03-18,5.039179801940918,5.216080282841234,4.489099029153582,4.971599992034838,874268000,6.360925316810608,6.342144231796265,40.30613655937142,-0.330246365942104,-0.13229293585592142,-0.06882197504244962,0.04874572953053624
2020-03-19,5.291361331939697,5.384780539879821,4.804885019488233,5.017811170475434,765512000,6.242231249809265,6.328818769454956,38.5543688943903,-0.3497700261780716,-0.17578835392035147,0.04883222226518616,-0.12439663810181778
2020-03-20,5.111975193023682,5.722430433719786,5.096570874469085,5.441178645242527,804636000,6.132731676101685,6.311682100296021,35.880952114411755,-0.37539036335706655,-0.2157087558076945,-0.03448968902654875,0.051108277858479045
2020-03-23,5.2844038009643555,5.378568908515311,4.9323421367905205,5.110981742226345,643876000,6.057664942741394,6.296682929992675,39.217682859612516,-0.3774303355748918,-0.24805307176113395,0.03317393893345447,-0.19979220417679544
2020-03-24,6.191019535064697,6.277482494566809,5.666032849202426,5.689635972329596,1101644000,6.041871404647827,6.29917052268982,43.323132214508426,-0.3024047813378328,-0.25892341367647376,0.1583399766274031,0.7109567680733557
2020-03-25,6.102569580078125,6.505067588828619,6.053871996434698,6.305806086188471,793432000,6.014702796936035,6.2960850048065184,44.614855945896885,-0.24723370498193997,-0.25658547193756703,-0.014389854812166245,-0.27977459142881
2020-03-26,6.391275882720947,6.515006644099514,6.211393690193772,6.309285031074328,696108000,6.020467019081115,6.301107702255249,48.31598990215361,-0.17816032238422697,-0.24090044202689903,0.04622399199848263,-0.1226620554754535
2020-03-27,6.279221534729004,6.53736691560444,6.178596798409605,6.211392945580001,638828000,5.9989259243011475,6.304738521575928,51.4866044899255,-0.13095149115877636,-0.21891065185327452,-0.01768790375729082,-0.0822860820447402
2020-03-30,6.59873628616333,6.607929311957334,6.300589195787831,6.344565875032006,602252000,5.985459709167481,6.313091020584107,50.930244010421525,-0.06698383420209364,-0.18852528832303836,0.04963214554743655,-0.057254847940290676
2020-03-31,6.549293041229248,6.842470871593231,6.403946196155853,6.63873677969042,949960000,5.982614946365357,6.320280847549438,53.72732248989953,-0.020047565992003413,-0.15482974385683138,-0.007521047720622628,0.5773463599954836
2020-04-01,6.039211750030518,6.4978610818740785,5.994738446861879,6.351769311501759,656912000,5.931134843826294,6.317934513092041,56.07737510919509,-0.02373591964391686,-0.12861097901424848,-0.08108361271688305,-0.30848456777127453
2020-04-02,6.347297668457031,6.3604656947871625,6.02032998749771,6.068281658432572,675764000,5.908997440338135,6.320672235488892,53.516311910305824,-0.001778506138954583,-0.1032444844391897,0.04975565983564286,0.028697907786735533
2020-04-03,6.060082912445068,6.351272726729449,5.922935360375219,6.309780672048575,663212000,5.88150577545166,6.316300010681152,63.562639824093246,-0.0074668549421303965,-0.08408895853977785,-0.046305676394763205,-0.018574531937185168
2020-04-06,6.668551445007324,6.705323069101554,6.284190233065796,6.341583727049638,727884000,5.910028505325317,6.325279035568237,64.30046114710812,0.03670035420498863,-0.05993109599082456,0.09567917977087509,0.09751331399311236
2020-04-07,6.4357500076293945,6.913282234346679,6.392767074494029,6.889678632071026,784520000,5.9074818849563595,6.334707260131836,66.18111498656702,0.052315000507141995,-0.03748187669123125,-0.03553427612145616,0.07780910145023112
2020-04-08,6.632526874542236,6.6573725469582214,6.474757399676281,6.544573506958225,542444000,5.9329238653182985,6.3442123508453365,65.74127656754712,0.07964981533512816,-0.014055538285959367,0.03011747341044135,-0.3085657472084842
2020-04-09,6.533141613006592,6.780851842121468,6.47028226643926,6.757994156401473,525564000,5.99086365699768,6.35293646812439,66.99948848708075,0.09223012158400934,0.0072015936880343735,-0.015097926779295516,-0.031118419597230274
2020-04-13,6.7045769691467285,6.713272880415038,6.385311444319896,6.473513100836527,398408000,6.026902151107788,6.364955244064331,66.99164509088187,0.11471118626785604,0.028703512203998707,0.0259024907035934,-0.24194198993842808
2020-04-14,7.054900646209717,7.088938865506866,6.804954050127847,6.832532651631695,530948000,6.135663723945617,6.388638715744019,61.92302933619746,0.1589633543611617,0.054755480635431314,0.050932079563755665,0.33267404268990575
2020-04-15,6.977629661560059,7.06036545365664,6.841972969339748,6.887191708782641,366148000,6.214635276794434,6.408839960098266,62.114701407288834,0.18565824107917805,0.08093603272418066,-0.011013233391016447,-0.3103882112749271
2020-04-16,7.321988582611084,7.428824598843687,7.119497548384873,7.132665574072206,745620000,6.328775715827942,6.432551393508911,62.6896379371054,0.2319275022545817,0.11113432663026088,0.048172686304137534,1.0363896566415765
2020-04-17,7.262857913970947,7.425347792957144,7.129188706028905,7.4039804904478155,539120000,6.427350544929505,6.453277559280395,63.60759547946303,0.2608183230303478,0.14107112591027826,-0.008108551932116652,-0.276950725570666
2020-04-20,7.1319193840026855,7.292173391306004,7.087694403597891,7.136640291547369,449388000,6.528347754478455,6.469651727676392,57.782069266559084,0.27003605403348985,0.1668641115349206,-0.018193006921987203,-0.1664416085472622
2020-04-21,6.696130752563477,7.075273983417711,6.636501431378573,7.0141542727746815,735160000,6.5989341020584105,6.478631134033203,51.92596233071582,0.23941682363301187,0.18137465395453886,-0.06305053655378898,0.6359137315638157
2020-04-22,7.109560012817383,7.152294614390537,6.842470411605959,6.887937472455997,483356000,6.644861125946045,6.490227642059327,64.40417891836483,0.24567911318413937,0.194235545800459,0.05991049907117532,-0.34251591490287825
2020-04-23,7.056390762329102,7.283230864116009,7.031296775991979,7.151549634129626,424160000,6.692552185058593,6.4983174514770505,60.245552747913855,0.24354428173158027,0.20409729298668325,-0.0075066617138238355,-0.12246873939704894
2020-04-24,7.195028781890869,7.197016283498686,6.971667057923223,7.04620405491623,352328000,6.73273983001709,6.506870737075806,67.13428232878704,0.2501557027325765,0.21330897493586193,0.019456643274384754,-0.16935118823085626
2020-04-27,7.38112211227417,7.540630723793758,7.304597615042217,7.3291949610384926,479388000,6.787834858894348,6.5200199508667,62.33017399074723,0.2673298657384908,0.2241131530963877,0.025535334193790032,0.36062986762335103
2020-04-28,7.239006996154785,7.558024292873875,7.233541128622843,7.528209392945651,442904000,6.8198483943939205,6.52088620185852,64.34974858687663,0.2664020939787459,0.23257094127285938,-0.019441633024176293,-0.07610536767712162
2020-04-29,7.415409564971924,7.468082150925123,7.298386754372791,7.3734203929741255,379160000,6.8631542205810545,6.52191349029541,64.08832904803143,0.27671128576517123,0.24139901017132176,0.024076166956458547,-0.1439228365514874
2020-04-30,7.261864185333252,7.4154098329912435,7.2479507252078275,7.361494701113532,375916000,6.924286842346191,6.510866222381591,62.86295912987444,0.2693862486378862,0.24699645786463464,-0.02092363800522678,-0.00855575482645854
2020-05-01,7.025832176208496,7.177886984887287,6.97763169656498,7.0648396294185085,342096000,6.958213567733765,6.498078012466431,55.544166380702926,0.24174856641552722,0.24594687957481318,-0.03304290326415085,-0.08996690750061187
2020-05-04,7.237265586853027,7.250930725370548,6.978623127404894,6.978623127404894,317556000,7.017072701454163,6.496783990859985,53.30569361680206,0.23420662516548774,0.2435988286929481,0.029649786233332674,-0.07173425003507783
2020-05-05,7.298138618469238,7.460380176917266,7.237266757199791,7.3411215423924565,368896000,7.048552060127259,6.507031993865967,55.84454814563877,0.2304846438003345,0.2409759917144254,0.008375878184958673,0.1616722719772261
2020-05-06,7.398763179779053,7.50336340077888,7.339630972534059,7.377396350477383,323464000,7.096702718734742,6.524869451522827,51.536589825723105,0.2329689864386717,0.2393745906592747,0.013693516504219362,-0.12315666204024978
2020-05-07,7.574670314788818,7.637778003139427,7.486468637437542,7.537650366405477,373732000,7.14380989074707,6.5434440231323245,55.962018456493325,0.2462929695157694,0.24075826643057363,0.023496979274793835,0.15540523829545183
2020-05-08,7.7642412185668945,7.770452516763413,7.612434759096941,7.646224657266343,339216000,7.205364871025085,6.573209018707275,61.825188652812656,0.2690476953674086,0.24641615221794064,0.02471890602800032,-0.09235494953603118
2020-05-11,8.015678405761719,8.062388011187469,7.730699390591938,7.759271740488808,469060000,7.270919942855835,6.5993217182159425,76.50469889165157,0.3038670687838927,0.25790633553113107,0.031870690819884286,0.382776755813405
2020-05-12,7.754302978515625,8.12201733914419,7.744613315147592,8.073320229167217,493060000,7.30589005947113,6.617046566009521,63.79296133836581,0.30683387064003753,0.26769184255291234,-0.03315151217576641,0.05116616211145697
2020-05-13,7.7319416999816895,8.028597396671517,7.547835743178876,7.868592147324393,625852000,7.343605661392212,6.639561634063721,64.64507883266339,0.3038778000671867,0.2749290340557672,-0.0028878910980803456,0.26932219202531127
2020-05-14,7.980892181396484,7.986358046046124,7.640010646522393,7.793307914777422,602312000,7.376550841331482,6.657803201675415,66.2588716817084,0.31795809314927137,0.28353484587446803,0.03169018617015981,-0.03761272633146495
2020-05-15,8.438301086425781,8.44799027470349,7.825360647564114,7.8410132881203465,987660000,7.435322999954224,6.690768308639527,69.66451389274471,0.3618546674108005,0.29919881018173455,0.055730787875850965,0.6397813757653841
2020-05-18,8.696198463439941,8.86142174364779,8.626879484814598,8.706385238881781,774460000,7.513536953926087,6.732493953704834,75.985827297656,0.41269588054092576,0.32189822425357284,0.030104976672998635,-0.21586375878338704
2020-05-19,8.751106262207031,9.031363868480941,8.708619983245251,8.735950260536658,717320000,7.616285729408264,6.785554141998291,74.89811551252097,0.4522057621765345,0.3479597318381652,0.006294150403266579,-0.07378044056503885
2020-05-20,8.914590835571289,8.987139854918718,8.833842543023762,8.935461023510964,587536000,7.70653727054596,6.834112310409546,80.69399214004318,0.4910489600548402,0.3765775774815002,0.01850923173918909,-0.18092901355043778
2020-05-21,8.721041679382324,8.996578319036958,8.683524635851711,8.995585042419636,761068000,7.78976981639862,6.886059398651123,81.9877257380519,0.5004458466731432,0.40135123131982886,-0.02195066465260088,0.29535551864055987
2020-05-22,8.970489501953125,9.036827671643309,8.659423357553015,8.770730983292948,1038764000,7.878542852401734,6.957982273101806,82.24247948628243,0.5220039648079666,0.42548177801745646,0.02820155615999391,0.3648767258641803
2020-05-26,8.663897514343262,9.12503194861191,8.618430459053387,9.100185812231855,770780000,7.942681622505188,7.01158408164978,73.27854271097033,0.5084879846791015,0.4420830193497855,-0.0347755648700501,-0.25798352657581514
2020-05-27,8.472588539123535,8.579423621709141,7.947352618383713,8.571721934524938,1175892000,8.004360699653626,7.083442468643188,67.7538805510071,0.4768426918577138,0.44903495385137115,-0.022328606099641216,0.5255870676457615
2020-05-28,8.434572219848633,8.706382172026627,8.327486955811704,8.36028309150644,734896000,8.055318832397461,7.144169940948486,64.89622464925401,0.44358262566680473,0.44794448821445787,-0.004497074805876935,-0.37503104026560263
2020-05-29,8.820672035217285,8.820672035217285,8.432584249513795,8.50165488848995,745256000,8.133259224891663,7.219799785614014,67.1340680797961,0.44326908186382674,0.44700940694433167,0.04475906176966856,0.014097232805730275
2020-06-01,8.751853942871094,8.786140959756835,8.63582533566827,8.778687590097684,389876000,8.219560313224793,7.289009637832642,62.69172756296326,0.4324821660263112,0.4441039587607276,-0.007832504473562343,-0.47685627489077576
2020-06-02,8.770735740661621,8.78266169957155,8.604519169266093,8.741915542097436,391320000,8.296233820915223,7.3621848487854,69.12223798687108,0.4206085472762062,0.4394048764638233,0.0021551386455744173,0.0037037417024901043
2020-06-03,8.71532917022705,8.811481787736001,8.64625851321786,8.767753908839891,365440000,8.367093348503113,7.430803356170654,68.27334907804477,0.4020926973686514,0.431942440644789,-0.006337246961778595,-0.06613513237248292
2020-06-04,8.716322898864746,8.892060453501106,8.627831617947038,8.678042483302525,424280000,8.432971334457397,7.481309423446655,65.05294800847167,0.3830829961943021,0.42217055175469165,0.00011401428101401769,0.1610113835376532
2020-06-05,8.868946075439453,8.945505028883574,8.658159572680956,8.744164653127928,481748000,8.49768512248993,7.536636953353882,60.071083071202615,0.37599880569962707,0.4129362025436788,0.01735850718213095,0.13544828886584326
2020-06-08,8.754602432250977,8.838866568264795,8.636034697013924,8.826438305141293,387736000,8.547203183174133,7.583903484344482,51.464145050319004,0.35704219710101803,0.4017574014551467,-0.012976415917167807,-0.19514767056635418
2020-06-09,8.994224548339844,9.057609939303413,8.701162292308348,8.749633194746389,468488000,8.59613049030304,7.638203544616699,55.57818580298673,0.35723645093995415,0.3928532113521082,0.027003100155364168,0.20826541770689344
2020-06-10,9.313138961791992,9.44562653759529,9.10110934363464,9.11527853442806,632180000,8.674072289466858,7.692491598129273,58.535618931840546,0.3787580394829959,0.3900341769782858,0.03484354020197744,0.34940489404210995
2020-06-11,8.745905876159668,9.208243698238016,8.735714449990189,9.097630502445824,583652000,8.724770498275756,7.736423854827881,50.4590367130774,0.3460539890376957,0.3812381393901678,-0.06284050369592523,-0.07676294726185584
2020-06-12,8.881373405456543,9.134665556600186,8.653435597146515,9.110057459617575,570908000,8.76979455947876,7.793267087936401,48.282477614036175,0.32729404884311997,0.3704493212807583,0.015370516818906492,-0.02183492903305395
2020-06-15,9.121241569519043,9.129693016162985,8.69370248342079,8.764794008236555,400004000,8.803941583633422,7.848745965957642,59.04701140742943,0.32800102560912947,0.36195966214643255,0.026649724007443164,-0.2993547121427621
2020-06-16,9.016596794128418,9.213712893600825,8.788162066934026,9.17220189162035,535716000,8.819961500167846,7.907876243591309,61.14344810557045,0.3164692899888415,0.3528615877149144,-0.011538964499620679,0.3392766072339277
2020-06-17,9.183135032653809,9.245774160091079,9.018333252047503,9.061585161810198,408304000,8.841562938690185,7.958167915344238,64.56656703543706,0.317113068402449,0.3457118838524213,0.0183016858277652,-0.23783497226142214
2020-06-18,9.165241241455078,9.229371931959877,9.062333258974562,9.174189555536868,254408000,8.854095458984375,8.012757740020753,57.82667447080531,0.312576204119166,0.33908474790577026,-0.001950450176530684,-0.3769152396253772
2020-06-19,9.20824146270752,9.39093989515145,9.174436620303387,9.189599539573098,524160000,8.878455448150635,8.064272031784057,60.4895872833561,0.30888977591600053,0.33304575350781634,0.004680691238777538,1.060312568787145
2020-06-22,9.472221374511719,9.47669600474337,9.22017234709144,9.246769799517342,398468000,8.903542041778564,8.12305362701416,64.49033512745117,0.3235396638675194,0.331144535579757,0.028264555113542113,-0.23979700854700858
2020-06-23,9.395913124084473,9.58731147203892,9.353656826229907,9.496334887853113,375108000,8.940142822265624,8.176880350112915,63.93821781497531,0.3252431667713225,0.32996426181807015,-0.008088628632281217,-0.05862453195739681
2020-06-24,9.182640075683594,9.50180290042588,9.092160369035703,9.422011483078405,449372000,8.975645399093628,8.219435138702393,58.78613549762688,0.30585811057826184,0.3251430315701085,-0.022960067470672713,0.19798031500261248
2020-06-25,9.435681343078613,9.450595828120123,9.129693078827199,9.302200068122893,376072000,9.025700855255128,8.268596172332764,60.288831415627826,0.30737045414423214,0.3215885160849332,0.027183637405839352,-0.16311652706443658
2020-06-26,9.102599143981934,9.445624728572614,9.0727711208658,9.445624728572614,592084000,9.03979721069336,8.30420838356018,55.85288057493768,0.27848188174924005,0.3129671892177946,-0.03593839767701411,0.574390010423536
2020-06-29,9.147343635559082,9.151818266693523,8.849060495094076,9.117267173394785,342248000,9.059571695327758,8.341898097991944,52.755933624288645,0.2562441633120347,0.3016225840366426,0.004903531125875211,-0.421960397511164
2020-06-30,9.443390846252441,9.471727334858345,9.21346457243952,9.260692369521378,367892000,9.093204450607299,8.38812752723694,52.36381321273608,0.2595175897391986,0.29320158517715383,0.031851591390692005,0.07492812229728152
2020-07-01,9.475454330444336,9.520943092607503,9.359124357158036,9.466257584270018,326648000,9.131210708618164,8.443713998794555,66.43162245375333,0.26168254548246317,0.2868977772382157,0.003389584786100788,-0.11210898850749673
2020-07-02,9.557233810424805,9.681766795044908,9.52342801780693,9.583830317693366,364056000,9.173256254196167,8.492667474746703,65.5996738708858,0.26692031780987335,0.28290228535254724,0.008593634557860852,0.11452082976170064
2020-07-06,9.78293228149414,9.852034451059913,9.656907773419078,9.685990498084974,315892000,9.218955564498902,8.547198305130005,65.37317731932723,0.2859865950427505,0.2835191472905879,0.02334092857262294,-0.13229832772979977
2020-07-07,9.815245628356934,10.012360696370052,9.794365919882578,9.88931928622742,357800000,9.2719877243042,8.599602642059326,69.20047322300634,0.30024315792317324,0.28686394941710497,0.0032975898364601135,0.13266559457029614
2020-07-08,10.157526016235352,10.166475276441442,9.908460082794605,9.936548129608003,365480000,9.330152797698975,8.65513072013855,71.60027889249743,0.3352956736525723,0.29655029426419843,0.03427805693126528,0.021464505310229143
2020-07-09,10.448853492736816,10.509504241474705,10.174929970581081,10.32084052144701,494548000,9.386938524246215,8.719327650070191,75.37847148241656,0.38217723625375655,0.31367568266211004,0.02827734861835193,0.35314654700667614
2020-07-10,10.419271469116211,10.594263768223163,10.319346579441985,10.528144672391011,497676000,9.470606803894043,8.779404888153076,74.07115628489052,0.4121926895555621,0.33337908404080047,-0.0028351414887319397,0.006324967445020535
2020-07-13,9.994714736938477,10.730479036979467,9.96762041708971,10.534358603416077,457076000,9.52627387046814,8.83406189918518,59.762224474464844,0.39714394425299027,0.34613205608323844,-0.041600690320774764,-0.08157918002877373
2020-07-14,10.317605018615723,10.343207792635127,9.729490306628119,10.017333530569916,542676000,9.586092042922974,8.899897356033325,65.76792405793546,0.4065853891297522,0.3582227226925412,0.031795234312385755,0.18727738931818783
2020-07-15,10.168712615966797,10.373284483795743,9.998194021875896,10.35464256132505,403984000,9.643697834014892,8.9585262966156,67.24928798883204,0.39747162420217563,0.3660725029944681,-0.014536045667232147,-0.2555705430127737
2020-07-16,10.076744079589844,10.148331539727138,9.838863245920118,9.95767944646456,344964000,9.688378286361694,9.014098405838013,61.88373929151167,0.378465097505746,0.3685510218967237,-0.00908541312607494,-0.14609489484732063
2020-07-17,10.143111228942871,10.189842154212721,10.03001277488039,10.166974030828735,266284000,9.737271785736084,9.06898536682129,71.40520824177894,0.3645551970793761,0.3677518569332542,0.006564575925372546,-0.2280817708514512
2020-07-20,10.450590133666992,10.470972981230924,10.098616209013986,10.215443985468063,284852000,9.799389219284057,9.126503763198853,74.19471805438457,0.3740308834802466,0.3690076622426527,0.029863670524488985,0.06973006263988824
2020-07-21,10.26938247680664,10.49955806042744,10.227871487131212,10.452826194760581,277036000,9.839247274398804,9.176606588363647,66.01748373960436,0.36273708243816394,0.36775354628175494,-0.017491555645556066,-0.027438810329574626
2020-07-22,10.37900447845459,10.541816958152879,10.23259708373545,10.308162313037716,367292000,9.88840184211731,9.223873109817506,67.00982879236878,0.3584996819533117,0.3659027734160663,0.010618072182957215,0.32579159387227663
2020-07-23,10.071772575378418,10.486634124309322,9.973836090293624,10.390189182924372,411660000,9.93285846710205,9.27022250175476,58.92857083754635,0.3265857869468167,0.35803937612221637,-0.030048248874829642,0.12079762151095053
2020-07-24,10.136151313781738,10.305426819954247,9.721041347995266,9.818480016011662,473292000,9.967881965637208,9.318306694030762,56.49276408030351,0.30299587355855273,0.34703067560948364,0.0063716546598454,0.14971578487101
2020-07-27,10.36185073852539,10.381984204127468,10.159266334109978,10.173683955005732,292132000,10.03084454536438,9.36592586517334,59.38061066268544,0.2990653157717009,0.33743760364192715,0.022022492331443426,-0.3827658189870101
2020-07-28,10.157029151916504,10.32257624250495,10.15081549413575,10.314871041356408,271636000,10.08132882118225,9.400300426483154,49.99105079472722,0.2762386232374574,0.3251978075610332,-0.019964870507588103,-0.0701600646283187
2020-07-29,10.405597686767578,10.456056985081002,10.28777619712682,10.3312755922246,284508000,10.129439163208009,9.434488410949706,49.20871572837336,0.27503527291256624,0.31516530063133985,0.02417790737703299,0.04738694429309809
2020-07-30,10.553250312805176,10.562198626174778,10.23632432247183,10.31561792819607,308880000,10.18332896232605,9.47053129196167,52.34940429982444,0.2827367290323881,0.3086795863115495,0.01408999853410762,0.0856636720232824
2020-07-31,10.553996086120605,10.704878102033073,10.37328604155994,10.50279052923152,386080000,10.23316707611084,9.503319396972657,61.51957712698566,0.28560805430205605,0.3040652799096508,7.066514519659566e-05,0.24993524993524985
2020-08-03,10.947233200073242,11.03522669529022,10.653921549349986,10.67107288009153,412720000,10.291382122039796,9.547843227386474,62.6032897718357,0.31597221789927765,0.3064466675075762,0.036582184402022815,0.06900124326564439
2020-08-04,11.16348934173584,11.16348934173584,10.843581144648935,10.986757033542842,310336000,10.35879430770874,9.59170322418213,69.38957449221051,0.35341218395110374,0.3158397707962817,0.019561824571528393,-0.2480713316534212
2020-08-05,11.222149848937988,11.30666338727199,11.102339920529543,11.179645121303212,249924000,10.412025499343873,9.642868270874024,72.61923998434604,0.3833974720710689,0.32935131105123916,0.005240917265975076,-0.1946664260672304
2020-08-06,11.270620346069336,11.292991603889252,11.114767787246265,11.284788588104904,244316000,10.453113842010499,9.69882890701294,72.42432438481379,0.40638760957643605,0.3447585707562785,0.00430988017390976,-0.022438821401706166
2020-08-07,11.135398864746094,11.43890190925991,10.974326380325055,11.24775201691962,342516000,10.488920211791992,9.752845439910889,64.62158036886566,0.40898172894572227,0.3576032023941673,-0.012070249673435911,0.40193847312496933
2020-08-10,11.101096153259277,11.342953785393757,10.794361590484725,11.269377922253069,427796000,10.544239282608032,9.798453922271728,68.94677223899157,0.4036169995700547,0.36680596182934483,-0.0030852648917251676,0.24898106949748322
2020-08-11,10.787898063659668,11.073006628875003,10.733957862179553,11.01036654783612,354512000,10.56775393486023,9.8391748046875,58.52413883048265,0.369829777104588,0.36741072488439347,-0.028618899804590717,-0.17130594956474576
2020-08-12,11.374770164489746,11.40136666941188,10.895528625086735,10.927842871271675,464412000,10.628056812286378,9.891255493164062,74.32703648204387,0.385959730200943,0.3711205259477034,0.05297280312943423,0.31000361059710246
2020-08-13,11.377504348754883,11.654659304257047,11.290753978168782,11.479914503905402,374460000,10.693094825744629,9.94449899673462,73.72216959348461,0.39441686792207875,0.3757797943425785,0.00024034381940207366,-0.19369008552750577
2020-08-14,11.497811317443848,11.637755639070226,11.37501832276075,11.464005528623535,366436000,10.760829830169678,10.0001287651062,72.6192497222776,0.4061451885058798,0.3818528731752388,0.010518593901035373,-0.021428189926827934
2020-08-17,12.266388893127441,12.338722598462818,11.749614046414314,11.7834188931569,621300000,10.851619768142701,10.068077621459961,84.30071528575142,0.47201664014594336,0.3998856265693797,0.06470621463464249,0.6955211824165748
2020-08-18,12.190573692321777,12.424477676202287,12.01707295308066,12.378740485765862,503448000,10.947679328918458,10.136797046661377,80.75369838065528,0.5121982840715127,0.42234815806980636,-0.0061999067459562246,-0.18968614196040556
2020-08-19,12.069023132324219,12.244512270420488,12.028754304798474,12.226118780820213,622624000,11.032180261611938,10.198293018341065,76.3525686493563,0.5281462705766824,0.44350778057118156,-0.010020906615684605,0.2367195817641543
2020-08-20,12.071511268615723,12.304172183815249,11.810762299072946,11.906461947059135,921388000,11.132167196273803,10.25346046447754,76.3668865191395,0.5348208546871582,0.4617703953943769,0.00020613763216587483,0.47984658477668707
2020-08-21,12.610904693603516,12.73543767305914,12.125448525163229,12.13191156434554,999868000,11.255904865264892,10.330760440826417,77.50918241643733,0.5769839404743102,0.48481310441036357,0.043713655604284966,0.08517584340147688
2020-08-24,12.647444725036621,12.8385946165752,12.435911984887685,12.810008752365281,490564000,11.370184564590454,10.406081867218017,76.08802369187684,0.6063572558865502,0.509121934705601,0.002893305205169663,-0.5093712370032845
2020-08-25,12.677026748657227,12.688211905350567,12.501785041399724,12.558458967341078,289076000,11.49618444442749,10.477197570800781,75.84102158786663,0.624820302542382,0.5322616082729572,0.0023362412207717574,-0.4107272445593235
2020-08-26,12.699893951416016,12.794847352960309,12.605188982462465,12.725993596684159,321244000,11.610899257659913,10.550863513946533,75.61927554317168,0.6339893575208162,0.552607158122529,0.0018022051783458347,0.11127869487608799
2020-08-27,12.555970191955566,12.776451226157715,12.494573218918223,12.708342781689355,317604000,11.711035251617432,10.618320217132569,75.3840989068105,0.6224670424897418,0.5665791349959717,-0.011397378178587984,-0.011330950928266414
2020-08-28,13.072498321533203,13.07274675410688,12.570140159294503,12.602454409975303,537160000,11.836960363388062,10.69646535873413,80.04840503237904,0.6475504693406524,0.5827734018649079,0.04031439371447836,0.6912885228145742
2020-08-31,13.29794979095459,13.497301743517985,12.963127187794592,13.107296770619834,500840000,11.95449619293213,10.778259525299072,89.31008484590689,0.6778079669202448,0.6017803148759753,0.01709921360579831,-0.06761486335542488
2020-09-01,13.746007919311523,13.917820106850497,13.36359369973899,13.406857617406526,511316000,12.083622121810913,10.863735256195069,88.82416519604429,0.7295322049849187,0.627330692897764,0.03313857652760724,0.020916859675744748
2020-09-02,14.268653869628906,14.646840546330916,13.824575879843783,14.623964634932472,874012000,12.235947322845458,10.961190071105957,90.4500435777405,0.8034356900468342,0.662551692327578,0.037316645330185756,0.709338256577146
2020-09-03,12.944873809814453,13.809157822383906,12.808865638922967,13.75371044591522,945128000,12.319659996032716,11.036434745788574,65.14550355651404,0.7465806300953659,0.6793574798811356,-0.09736522917062108,0.08136730388141133
2020-09-04,12.554007530212402,13.103509297412081,11.641237117895182,12.714381712126338,1463684000,12.39059042930603,11.09880126953125,53.26877221885026,0.6623478100500879,0.6759555459149261,-0.030659925255433786,0.548662191787779
2020-09-08,11.848356246948242,12.481899758741234,11.640739220800251,11.670824672179428,795728000,12.427953433990478,11.153716411590576,46.59778054247633,0.532514041719466,0.6472672450758342,-0.057850795099050695,-0.4563526006979649
2020-09-09,12.646007537841797,12.739745856584113,12.165379076629385,12.332716222048454,736200000,12.520858907699585,11.223689689636231,55.05645228959977,0.48835419467451224,0.6154846349955698,0.06515241107969058,-0.07480948263728304
2020-09-10,12.244946479797363,12.994357950704119,12.100981305836067,12.918770116551691,698684000,12.564367723464965,11.279720802307128,51.42066848443905,0.41619725922920026,0.575627159842296,-0.03222823608709114,-0.05095897853844067
2020-09-11,12.098494529724121,12.583846512984273,11.831202602456209,12.417752852588826,636928000,12.600417232513427,11.332181606292725,45.51387756390229,0.34323828234478704,0.5291493843427942,-0.012032293783512345,-0.08838902851646813
2020-09-14,12.802404403686523,13.242752006584764,12.562712850650161,13.010022440993444,1201744000,12.665646886825561,11.39708501815796,51.214716756971576,0.33831749800961575,0.49098300707615855,0.056551971492157564,0.8867815514469453
2020-09-15,12.920507431030273,13.226587244377473,12.758143300838443,13.207938797341011,727556000,12.698352813720703,11.45983652114868,51.882500271342884,0.3400280367031048,0.4607920130015478,0.009182775107664728,-0.3945832057409897
2020-09-16,12.44659423828125,13.021706504588948,12.445848717637983,12.886941792074117,556384000,12.711153841018676,11.512463493347168,48.16926944474006,0.29968819794790313,0.4285712499908189,-0.03736874210121673,-0.2352698623885996
2020-09-17,12.395873069763184,12.521438302822826,11.969449429392025,12.066420242616426,792512000,12.727496337890624,11.557230434417725,48.8270917122977,0.26062152795366345,0.39498130558338784,-0.004083430068991744,0.42439753839075167
2020-09-18,12.1231107711792,12.563955387993257,11.923699152816207,12.525415950128137,698460000,12.730076313018799,11.590715579986572,42.786934730021144,0.2052848763280739,0.3570420197323251,-0.02224998826331746,-0.11867580553985302
2020-09-21,12.449329376220703,12.454550866081808,11.839904206718712,11.860293152414322,721044000,12.721997547149659,11.631316738128662,43.64975638593971,0.18561365763523163,0.32275634731290637,0.026553144098889318,0.03233399192509245
2020-09-22,12.569177627563477,12.57937210243199,12.089545037394595,12.506768243734077,646452000,12.718084192276,11.682805995941163,40.738847254427064,0.17764702306692826,0.29373448246371076,0.009580840942074858,-0.10344999750361972
2020-09-23,12.057963371276855,12.657940493503995,12.013705438356915,12.507261870592744,647012000,12.687131023406982,11.717613162994384,32.571449795187505,0.12860026587440032,0.26070763914584866,-0.04152229468692561,0.0008662669463470607
2020-09-24,12.280999183654785,12.501297716658009,11.948811835757942,12.006746195509242,731240000,12.66618628501892,11.759858894348145,43.6670205594417,0.10649981987764612,0.22986607529220815,0.018327983804758505,0.13017996575024893
2020-09-25,12.803895950317383,12.81359341042278,12.179304208660158,12.37995930307491,588016000,12.678582572937012,11.814401931762696,52.32521880095321,0.1296835450569489,0.2098295692451563,0.04169620957659056,-0.19586455883157372
2020-09-28,12.964272499084473,12.98093194817706,12.680819048582006,12.969493990046365,573808000,12.673171281814575,11.870825157165527,61.55632067255852,0.15916312799016374,0.19969628099415782,0.012447809002136531,-0.024162607820195414
2020-09-29,13.153985023498535,13.369807555834509,12.863072628599586,12.867299142520546,621460000,12.665973043441772,11.924893054962158,56.018369227160555,0.19557960513622774,0.1988729458225718,0.01452745159262702,0.08304519978808234
2020-09-30,13.45708179473877,13.548582595898237,13.07889511363806,13.086105607065111,689184000,12.651526737213135,11.988647041320801,64.70231143799982,0.2460608655047416,0.2083105297590058,0.02278073864336946,0.10897563801370969
2020-10-01,13.540626525878906,13.688071736035704,13.387710370072455,13.683348208064956,525004000,12.615125370025634,12.051879482269287,67.76307334993368,0.28947213505245095,0.22454285081769484,0.006189043664329608,-0.2382237544690533
2020-10-02,12.991373062133789,13.446141621282568,12.980183612538768,13.153240207178108,552496000,12.617450332641601,12.110271492004394,52.41976058843701,0.2763698945981705,0.23490825957378997,-0.04140901206562356,0.052365315311883265
2020-10-05,13.568473815917969,13.570214312585838,13.151001225511452,13.164179678210838,479820000,12.66817364692688,12.17891794204712,57.42451481379979,0.3089916193920086,0.24972493153743372,0.04346347344448185,-0.13154122382786482
2020-10-06,13.661964416503906,14.065264550133465,13.590852555868134,13.754957214450531,784420000,12.758854055404663,12.24492021560669,65.25592540062115,0.3384866184152102,0.26747726891298906,0.006866651732511858,0.6348213913550915
2020-10-07,13.888229370117188,14.042637510880455,13.788274589231673,13.923785773213117,418084000,12.820965147018432,12.319544219970703,67.9420798998357,0.375787464451939,0.2891393080207791,0.016426021740596354,-0.46701511945131435
2020-10-08,13.763663291931152,14.008080321101762,13.683351912689846,13.998631365602874,378900000,12.896900987625122,12.386705532073975,70.45260424592908,0.39079240067154863,0.30946992655093297,-0.009009648802863023,-0.09372279254886573
2020-10-09,13.688069343566895,13.74923617459827,13.586623535879733,13.692296805511859,346892000,12.97637972831726,12.44940191268921,66.4726258363366,0.39206464370148275,0.32598886998104293,-0.005507422095522799,-0.08447611506993935
2020-10-12,14.14880657196045,14.269150288914334,13.837008235079223,13.91359008305016,434744000,13.043699836730957,12.521298122406005,69.2596129987077,0.4253474090959166,0.3458605778040177,0.03310567673945021,0.2532546152693058
2020-10-13,14.17093563079834,14.270641893386932,13.942681134228518,14.218924012166369,344604000,13.106221246719361,12.585772171020508,79.25096494920055,0.44834166691513744,0.3663567956262416,0.0015628011853609988,-0.20734041182857033
2020-10-14,14.018769264221191,14.264925797389301,13.884253040032485,14.212959397087152,276100000,13.184829998016358,12.642877769470214,74.53833006457965,0.44910917679680296,0.38290727186035395,-0.010795987052656629,-0.19879049575744911
2020-10-15,13.894196510314941,13.92975196281535,13.693043477475365,13.735810371723643,267224000,13.259746170043945,12.696318702697754,67.34707812218821,0.4346550212438025,0.3932568217370437,-0.008925857752298995,-0.032147772546178954
2020-10-16,13.736557006835938,14.04487533293222,13.717660049634887,13.960585020449875,242392000,13.340418481826783,12.745637435913086,62.29803811272719,0.40580197577524757,0.3957658525446845,-0.011410562059281187,-0.09292578510912197
2020-10-19,13.424509048461914,13.907622529912283,13.334002276993704,13.827559686516892,298068000,13.389177465438843,12.791419639587403,54.146338040892005,0.3536790748025229,0.3873484969962522,-0.022978603869982385,0.22969404930855797
2020-10-20,13.571456909179688,13.724870061313956,13.433708226033241,13.509793060688235,229212000,13.439291429519653,12.84082685470581,51.84116354793694,0.32053384982642186,0.3739855675622861,0.010886760808606002,-0.2310076895205121
2020-10-21,13.451362609863281,13.716665521672029,13.404369199715683,13.551068882438022,219596000,13.508961391448974,12.894096145629883,48.57977822690774,0.2813323892891191,0.35545493190765276,-0.008888420387942112,-0.041952428319634194
2020-10-22,13.28850269317627,13.537891703010716,13.15995348572998,13.449126364383108,290480000,13.55933656692505,12.932370796203614,55.39018240564244,0.23442125290122284,0.3312481961063668,-0.0121812079921883,0.32279276489553554
2020-10-23,13.516508102416992,13.519492082140397,13.219130715639897,13.377018906592749,233484000,13.59496717453003,12.975150871276856,48.92058141617183,0.21318451199086574,0.3076354592832666,0.017012558599528445,-0.1962131644175158
2020-10-26,13.06994342803955,13.618451231858877,12.967751138200027,13.354143296213284,336896000,13.600250720977783,13.00659351348877,39.27572039779302,0.15849319381171867,0.277807006188957,-0.03359656156309152,0.4429082935019102
2020-10-27,13.324057579040527,13.369061984732776,13.11992056172702,13.23379931227968,250520000,13.608754348754882,13.027746887207032,39.88228376474403,0.1341088945339859,0.2490673838579628,0.019256042530979227,-0.2563877279635258
2020-10-28,12.558485984802246,13.188051710193019,12.540584001520877,13.126387847890996,376520000,13.563824558258057,13.035105133056641,32.4269234684257,0.05240484177562621,0.2097348754414955,-0.05917463061223046,0.5029538559795625
2020-10-29,12.953332901000977,13.12116708621453,12.680819437909168,12.768839266183356,320080000,13.53445987701416,13.052791328430176,40.19906497471615,0.019292248550307534,0.1716463500632579,0.03095651074211489,-0.14989907574630834
2020-10-30,12.46599006652832,12.866305277684038,12.233259561410113,12.780275414072687,416820000,13.508190727233886,13.060680904388427,27.710468681670008,-0.045746872522054005,0.12816770554619553,-0.03834898036384867,0.3022369407648089
2020-11-02,12.51248550415039,12.767095978819652,12.327743402774802,12.589067357205305,299652000,13.455391311645508,13.058712520599364,28.1740930759223,-0.09247307922117898,0.08403954859272063,0.003722844590020482,-0.28109975529005327
2020-11-03,12.948854446411133,13.033890278158362,12.534365826303068,12.63954209787184,272900000,13.41973581314087,13.064740715026856,36.89944792309645,-0.09321804828691604,0.048588029216793296,0.03428033836495274,-0.0892768945309893
2020-11-04,13.719399452209473,13.75246983604854,13.264630929698608,13.316597320732134,410228000,13.411294317245483,13.0855881690979,48.15203394430775,-0.03127142189824461,0.032616138993785716,0.05780352513871967,0.5032172957127152
2020-11-05,14.08316707611084,14.261195715728805,13.915084403700495,14.085654042162565,319028000,13.427269506454468,13.113253631591796,53.511346055115794,0.04663712913798079,0.03542033702262473,0.026169410183941946,-0.22231539534112732
2020-11-06,14.482983589172363,14.509588050674013,13.819603063155224,14.03318712124654,383348000,13.46701521873474,13.151793899536132,60.535562915353154,0.13903930971955702,0.056144131562011194,0.027994154889564454,0.20161239765788586
2020-11-09,13.55678653717041,14.61178070378951,13.536895554377303,14.473535006204227,582976000,13.43741421699524,13.161479663848876,49.873587733465776,0.1359650218705557,0.0721083096237201,-0.06608714131521108,0.520748771351357
2020-11-10,12.70071029663086,13.53267065698492,12.559729099798012,13.53267065698492,644068000,13.363902950286866,13.149534873962402,44.25981485343901,0.06371595069943048,0.07042983783886217,-0.06522935262402021,0.10479333626084086
2020-11-11,13.345191955566406,13.362099908071459,12.877990493799244,12.982918253581106,404744000,13.330224084854127,13.1415185546875,50.4037585140589,0.0577960876662047,0.06790308780433069,0.04949824606529055,-0.3715818826583528
2020-11-12,13.383733749389648,13.69130564112091,13.243747525525295,13.405863195675428,365812000,13.304700946807861,13.123820152282715,49.028110139699045,0.055573932515915914,0.06543725674664774,0.002883903450593387,-0.09618919613385246
2020-11-13,13.224847793579102,13.594580483530914,12.988387818739444,13.553305579639913,346312000,13.27911548614502,13.129419631958008,51.18373178278553,0.04052494345868496,0.06045479408905519,-0.011942601599034557,-0.05330606978447949
2020-11-16,13.441911697387695,13.575432898487952,13.084611046147971,13.101021033291882,413776000,13.279985618591308,13.147177715301513,50.905733873914784,0.045588241299331145,0.05748148353111039,0.016280095682900498,0.19480699484857578
2020-11-17,13.349418640136719,13.522474277402354,13.231561881843696,13.478961861207623,312028000,13.26888370513916,13.177198963165283,56.77989975251228,0.04165732488324281,0.05431665180153688,-0.006904728026171955,-0.24590116391477512
2020-11-18,13.355883598327637,13.531923214939193,13.113456602294555,13.392185521013086,510924000,13.264109754562378,13.191396484375,53.696828612291256,0.03861854287580435,0.05117703001639038,0.0004841703912939358,0.6374299742330816
2020-11-19,13.367321968078613,13.414315378972356,13.028918190667222,13.141056448609183,565936000,13.268050718307496,13.213843994140625,59.07021372197621,0.03671009595124097,0.0482836432033605,0.0008560627519850649,0.10767159107812518
2020-11-20,13.01673412322998,13.42127675687941,12.994106718659982,13.380996827726403,341088000,13.243062019348145,13.232208786010743,54.78166644570477,0.006829403803601863,0.039992795323408784,-0.026577299559450623,-0.3973028752367759
2020-11-23,13.068700790405273,13.309884305156885,12.94487607234443,13.099781223360337,361356000,13.24299988746643,13.237534713745116,51.22584222270865,-0.012513733731745802,0.02949148951237787,0.003984348821098953,0.05942161553616665
2020-11-24,12.887438774108887,13.090579854954449,12.815083440234448,13.071185886209618,346500000,13.221168947219848,13.236873340606689,40.32388660375157,-0.04198565493856243,0.015196060622189807,-0.013967020212463146,-0.04111181217414406
2020-11-25,13.162936210632324,13.197497637148764,12.94935213399809,12.96178411756884,259916000,13.251391458511353,13.251200180053711,39.07289987851379,-0.042620719011107866,0.0036327046955302728,0.021151918784677495,-0.24988167388167393
2020-11-27,13.189291954040527,13.334749099812084,13.099034635548598,13.30242518425179,167276000,13.26318941116333,13.267068557739258,33.14326018201095,-0.04053011766773551,-0.0051998597771228845,0.0020002674560271913,-0.3564228443035442
2020-11-30,13.328782081604004,13.339723024481057,12.901861463493518,13.19302333396702,286952000,13.306329011917114,13.291181983947753,46.262964269011555,-0.02730288287606797,-0.009620464396911901,0.010520478519140656,0.7154403500801072
2020-12-01,13.317343711853027,13.455340904435158,13.156470608275669,13.419038982985601,296948000,13.346571922302246,13.3085422706604,63.97648203188328,-0.01754098331428544,-0.01120456818038661,-0.0008585391018740694,0.03483509437118393
2020-12-02,13.4710054397583,13.59930517405845,13.162438631674533,13.278057876066955,283360000,13.372679471969604,13.326578826904298,53.66771515455141,0.0025650414552167433,-0.00845064625326594,0.011472406335687687,-0.04575885340194241
2020-12-03,13.327249526977539,13.589894576674254,13.260593943208093,13.517766430386201,199520000,13.353071975708009,13.35196455001831,48.448544311887964,0.006820685580374075,-0.0053963798865379374,-0.010728854689610382,-0.29587803500846976
2020-12-04,13.488666534423828,13.490407545452614,13.320036096172974,13.379479051472986,202244000,13.323346948623657,13.37611789703369,57.23626455838053,0.022953721479499478,0.0002736403866695457,0.012039041045649256,0.013652766639935754
2020-12-07,13.536913871765137,13.660775157722723,13.430712221462855,13.531442259514337,223244000,13.276043462753297,13.390778255462646,52.871758652002825,0.03918077399203135,0.008055067107741906,0.003570497867038004,0.10383497161844102
2020-12-08,13.281486511230469,13.528959629487066,13.213337545654278,13.515280120302938,271920000,13.2622784614563,13.397122535705567,48.13066257136769,0.031071800345328526,0.01265841375525923,-0.019049240881391614,0.21803945458780527
2020-12-09,12.864387512207031,13.345157072993244,12.802208270774445,13.232239927292921,401300000,13.270462322235108,13.391330585479736,38.968257875595874,-0.008908333349488373,0.00834506433430971,-0.03190823811533163,0.4758017063842306
2020-12-10,12.905673027038574,13.001678158655883,12.783552731095787,12.802953380691694,207764000,13.248486375808715,13.380302410125733,39.77518131493034,-0.03683684906856044,-0.0006913183462643208,0.003204148480006342,-0.4822726140044854
2020-12-11,12.946460723876953,12.953176186221913,12.75718677443914,12.900696337580094,209264000,13.226622724533081,13.368419094085693,48.195982672502566,-0.055044652245188175,-0.011561985126049092,0.0031554633806849764,0.0072197300783580776
2020-12-14,13.240447044372559,13.320036392826733,13.01038405434784,13.020830120753207,270156000,13.227402687072754,13.37340057373047,53.921663845190004,-0.045230835409615366,-0.018295755182762347,0.02245386700365216,0.2909817264316843
2020-12-15,13.29193115234375,13.394899381914428,13.119072953503997,13.370773808172196,193016000,13.219903659820556,13.367869720458984,59.818092339943064,-0.03291950209162664,-0.021220504564535208,0.0038808562283033595,-0.2855387257732569
2020-12-16,13.174535751342773,13.36828606791019,13.144689037378825,13.353611291227617,223116000,13.21115951538086,13.358121147155762,50.304957088378124,-0.03226359484722252,-0.02342912262107267,-0.008871314131005795,0.15594562108840715
2020-12-17,13.27277946472168,13.310833124873806,13.110864499454864,13.2981479389699,231384000,13.207004308700562,13.345812149047852,52.114979017633885,-0.02354492576970202,-0.02345228325079854,0.007429424458933069,0.03705695691927069
2020-12-18,13.203882217407227,13.33619902252071,13.003416470104648,13.310332443875872,342064000,13.198832321166993,13.334616527557372,46.71856153595984,-0.021941818149782577,-0.02315019023059535,-0.005204387445222414,0.47833903813573975
2020-12-21,13.263825416564941,13.301381917619228,12.900947489997865,13.007647270428471,302332000,13.21118688583374,13.326131649017334,48.62888321832026,-0.015653979276581964,-0.021650948039792672,0.004529542374678316,-0.1161537022311614
2020-12-22,13.210103988647461,13.268801207944161,12.987005029007529,13.250893935500397,185580000,13.21825704574585,13.307357597351075,42.95504983161133,-0.014834686896106675,-0.020287695811055474,-0.004058445637762781,-0.3861714935898284
2020-12-23,12.942481994628906,13.20686801104678,12.938254232061905,13.187965472083052,179144000,13.22100920677185,13.282788524627685,40.261797847186756,-0.035372497951104975,-0.023304656239065375,-0.02046691185637723,-0.03468046125660096
2020-12-24,12.927061080932617,13.0650990425598,12.872344005635338,12.970337770352513,97884000,13.209215450286866,13.260954360961914,34.65190879644544,-0.052290428526081456,-0.02910181069646859,-0.0011922062541110446,-0.45360157191979633
2020-12-28,12.833791732788086,12.995458098210715,12.697744316384448,12.995458098210715,212564000,13.191440439224243,13.239746265411377,31.24590782761672,-0.07238960499918967,-0.037759369557012805,-0.007241200931253077,1.1715908626537535
2020-12-29,12.876818656921387,13.005405806855793,12.77633720497418,12.858662810562713,170372000,13.168842267990112,13.222551498413086,37.827215743649326,-0.08387952304584267,-0.04698340025477878,0.003347020055042881,-0.1984908074744548
2020-12-30,13.07828140258789,13.145932243119045,12.830559761023274,12.923579073766286,225396000,13.156889152526855,13.215626945495606,57.39325981959555,-0.0758546013705832,-0.05275764047793967,0.015524254676229208,0.3229638673021389
2020-12-31,12.987997055053711,13.083504065531555,12.848715246989599,13.069078819042725,192424000,13.132738733291626,13.203957748413085,52.75230791107982,-0.0759049998457364,-0.057387112351499014,-0.006927318660067578,-0.14628476104278687
2021-01-04,13.046196937561035,13.582431124501683,12.895971895425573,13.036994722740106,560640000,13.118686103820801,13.19585443496704,53.2960677638326,-0.07043674591718485,-0.05999703906463619,0.0044710413908822634,1.9135658753585831
2021-01-05,13.335954666137695,13.374505491666145,13.01983542997663,13.03251966866756,322760000,13.111050510406494,13.19680347442627,53.165168263046475,-0.04223522678850422,-0.0564446766094098,0.021967077195089824,-0.424300799086758
2021-01-06,12.549758911132812,13.177022849780169,12.521405575778882,13.154638288108194,580424000,13.061692762374879,13.177468490600585,33.459062122462925,-0.08237517685288154,-0.06163077665810415,-0.060762290957942625,0.7983145371173628
2021-01-07,13.275516510009766,13.30909383140625,12.820364960072336,12.900948633864056,461480000,13.061394262313843,13.181579952239991,51.77047230876037,-0.054989914151278185,-0.060302604156738965,0.056220019721427865,-0.20492605405703412
2021-01-08,13.208612442016602,13.35212205785553,12.975067399687322,13.2939229441274,292528000,13.078605508804321,13.179271049499512,48.86247366837195,-0.038244634961142054,-0.05589101031761959,-0.005052400283548808,-0.3661090404784606
2021-01-11,13.551590919494629,13.889348941876813,13.293920349716162,13.349881280512768,518344000,13.110901403427125,13.19913314819336,55.61809196992787,0.0026708285332066595,-0.04417864254745434,0.025634876903537544,0.7719466170759721
2021-01-12,13.415542602539062,13.683908768453083,13.276510305945383,13.681918228400308,291476000,13.134355497360229,13.208377342224122,52.392525326596626,0.02384380936527819,-0.030574152164907838,-0.010090020956976926,-0.43767845291929686
2021-01-13,13.462300300598145,13.555071983938621,13.316303971194731,13.42076462097778,210028000,13.145448160171508,13.228303546905517,53.98579896996562,0.04389056160747984,-0.015681209410430302,0.003479278109919137,-0.27943295502888743
2021-01-14,13.132500648498535,13.529950146558164,13.112852370232488,13.505327416462048,283120000,13.137476634979247,13.24070384979248,52.945237087971456,0.03278772503023397,-0.0059874225222974475,-0.024803085392157597,0.3480107414249529
2021-01-15,12.793501853942871,13.256861253737839,12.78255862740494,13.160110379541644,277780000,13.118424940109254,13.237596797943116,48.11858804968162,-0.0033273667259550166,-0.005455411363028961,-0.026152748869171075,-0.018861260243006495
2021-01-19,12.95840072631836,13.02679731028673,12.77808038942773,12.949446142963154,226188000,13.102706003189088,13.222376823425293,51.72060970753506,-0.018430421824342957,-0.00805041345529176,0.01280690820458807,-0.18572971416228667
2021-01-20,13.297152519226074,13.361569918313185,12.9897384021598,13.044455477389974,258572000,13.107369518280029,13.206656532287598,55.365787383572375,-0.0030303314065189824,-0.007046397045537205,0.025805633444442498,0.14317293578792856
2021-01-21,13.796327590942383,13.927401511527409,13.184981367786673,13.349631654463508,337780000,13.133994626998902,13.192923412322997,58.51874262315262,0.04889003383161494,0.0041408891298932255,0.036852524142443395,0.30632860479866353
2021-01-22,13.642123222351074,13.77071039880611,13.557310847947868,13.669482236438519,246820000,13.155595588684083,13.194630146026611,57.64446842880378,0.07671002808974414,0.01865471692186341,-0.011240138385459404,-0.26928770205459174
2021-01-25,13.583175659179688,13.757526257382864,13.168564636769304,13.711016129258498,251112000,13.18763027191162,13.212279453277588,56.27432421500048,0.09292976182144663,0.03350972590178006,-0.004330358725778528,0.017389190503200647
2021-01-26,13.366294860839844,13.574718980112987,13.318789463563826,13.510798746043035,163980000,13.209591960906982,13.212701511383056,50.360651916826285,0.08727746944371795,0.044263274610167644,-0.016095713677961806,-0.3469846124438497
2021-01-27,12.851455688476562,13.164838672108491,12.728091517421198,13.162102390581053,371272000,13.210475158691406,13.202055950164794,53.83356042506143,0.04078462868069188,0.04356754542427249,-0.0392791412851717,1.2641297719234053
2021-01-28,12.984018325805664,13.271287026648704,12.89398291811221,12.9295498263929,228316000,13.21583514213562,13.197239360809327,45.63853637877717,0.014468629024452895,0.03774776214430857,0.010262153550674028,-0.38504384925337753
2021-01-29,12.923084259033203,13.266313924856322,12.845235919916684,13.007896642574716,271552000,13.208075284957886,13.186862812042236,45.720215128525915,-0.011175041320825585,0.02796320145128174,-0.004704052020933678,0.18936911999159056
2021-02-01,13.169063568115234,13.202639933895902,12.836528607721643,12.986256485316742,217204000,13.217128610610962,13.183255710601806,44.094573047653114,-0.011516604071172054,0.020067240346790985,0.0188552202142711,-0.20013846335140228
2021-02-02,13.48717212677002,13.502343114382933,13.217313559304229,13.329983047797578,220440000,13.239177370071411,13.185881481170654,51.04695862207203,0.013723214453824184,0.018798435168197625,0.02386861105501683,0.014898436492882361
2021-02-03,13.461058616638184,13.860249190894029,13.447130528740699,13.566016436499996,245408000,13.245432567596435,13.187756214141846,49.98174098450592,0.03125848212580884,0.021290444559719866,-0.0019380506686391815,0.11326438033024866
2021-02-04,13.59411907196045,13.603321285449274,13.26929488286529,13.46155273777146,201340000,13.297650575637817,13.199303913116456,57.2050087732721,0.05525522694152407,0.02808340103608071,0.009836307836134579,-0.17957034815490935
2021-02-05,13.521247863769531,13.666748000470225,13.476230156579192,13.654560923062117,169152000,13.309937143325806,13.20835485458374,62.387894069209494,0.06761331835807738,0.035989384500480046,-0.005374914069883414,-0.15986887851395648
2021-02-08,14.364646911621094,14.399467130873976,13.656798344420974,13.656798344420974,434624000,13.36773886680603,13.237899017333984,69.44570311778809,0.14380475769130463,0.05755245913864497,0.06050774838861421,1.5694286795308363
2021-02-09,14.190048217773438,14.50840560388812,14.149506854766857,14.267149863534422,287560000,13.39966173171997,13.258441257476807,62.93423972251317,0.18793200372588892,0.08362836805609376,-0.012229223183367735,-0.33837063760859964
2021-02-10,14.688475608825684,14.828503172781936,14.267895756343098,14.389020780396104,485352000,13.463308382034302,13.28842493057251,62.926209024089424,0.260123546728936,0.11892740379066222,0.034522324952066565,0.6878286270691334
2021-02-11,15.172475814819336,15.193866051503107,14.84839831139126,14.903364910284036,450828000,13.548817157745361,13.325298805236816,70.2388901150875,0.35232920458290984,0.16560776394911175,0.03241977058333076,-0.07113187954309452
2021-02-12,14.884464263916016,15.212770519830906,14.699169476852274,14.972758655967848,374756000,13.636415338516235,13.356641216278076,66.226407196367,0.397579676566437,0.2120021464725768,-0.019164982567472885,-0.16873841021409497
2021-02-16,15.251571655273438,15.293605449198264,14.873273202629141,14.986937029281831,321960000,13.759318828582764,13.392252540588379,72.65950496207094,0.4577864231396891,0.26115900180599927,0.024364554960446386,-0.14088099990393754
2021-02-17,14.829498291015625,15.145368904266707,14.70414455668863,15.093137628175583,274756000,13.852873706817627,13.42229751586914,74.31672348034547,0.46607034170341244,0.30214126978548195,-0.02806423220779002,-0.14661448627158657
2021-02-18,14.752893447875977,14.796915880160729,14.500196394226357,14.653406299348754,233868000,13.925660753250122,13.447582054138184,72.04870876922368,0.4611383207071178,0.33394067996980914,-0.005179095392075509,-0.14881567645474525
2021-02-19,14.849892616271973,15.099106694714642,14.770551858754157,14.947389223018012,271724000,13.978339004516602,13.473841629028321,73.80330488583891,0.4597568895341215,0.3591039218826716,0.006553404489589986,0.16186908854567528
2021-02-22,14.282072067260742,15.055581855788054,14.251479612238253,14.698921307165705,325884000,14.010336446762086,13.493853340148926,62.736994574187904,0.4081389507790618,0.36891092766194966,-0.038987584860682274,0.19931989813192796
2021-02-23,14.06942081451416,14.165674533529184,13.32078225361046,14.003012864242908,391780000,14.03464870452881,13.517954006195069,56.82791251962153,0.34608275693957147,0.364345293517474,-0.01500134342439147,0.20220692025383258
2021-02-24,14.424585342407227,14.432296075073527,13.685398664118521,14.050267080329668,448320000,14.087563228607177,13.54833225250244,60.489558625624475,0.32185148186090373,0.35584653118615994,0.024930360510652234,0.144315687375568
2021-02-25,13.239201545715332,14.300974328312286,13.148420401177352,13.973413810504649,824436000,14.106950521469116,13.554187068939209,46.856417871617225,0.20463851068868166,0.3256049270866643,-0.08575182374514982,0.8389453961456104
2021-02-26,13.644113540649414,13.783394411878966,13.29242744323524,13.681917670854737,500932000,14.139955282211304,13.562260398864746,51.027794176306344,0.14277359542668222,0.2890386607546679,0.03012594370042337,-0.39239431562910887
2021-03-01,13.770709037780762,13.853531812773983,13.483689896095202,13.803788241965915,353184000,14.182336521148681,13.571835956573487,44.35457861007416,0.10277566904753854,0.25178606241324203,0.009235616726330421,-0.29494622024546246
2021-03-02,13.337444305419922,13.849054792199592,13.32724682102197,13.828659823403687,264116000,14.190755558013915,13.57509412765503,42.275761917697054,0.035704600852218604,0.20856977010103733,-0.03196836207168771,-0.2521858294826492
2021-03-03,12.739030838012695,13.382460931935002,12.733061116512415,13.357341042163638,377592000,14.15334849357605,13.56441915512085,32.65310590668524,-0.0649875337475656,0.15385830933131678,-0.04590486594970352,0.42964455012191616
2021-03-04,12.306763648986816,12.908410605300014,12.021734035558053,12.735054284527099,573344000,14.095633745193481,13.546476783752441,24.262856721948097,-0.17761963680362136,0.08756272010432917,-0.0345215734751687,0.5184220004661115
2021-03-05,12.397542953491211,12.48558876020493,11.619307359237807,12.48558876020493,542840000,14.035804939270019,13.529151134490967,26.84446798127189,-0.25659835266424125,0.01873050555061509,0.007349302659193744,-0.05320366132723109
2021-03-08,11.53375244140625,12.407245758297348,11.507139163665444,12.386105043337611,543112000,13.936430168151855,13.495624103546142,18.314329920402514,-0.38445843183630046,-0.061907281926768025,-0.07222057247932098,0.000501068454793252
2021-03-09,12.460291862487793,12.55632917757728,12.001499113514425,12.072159199010558,521824000,13.84121241569519,13.48598030090332,31.406865745412176,-0.40634043825991206,-0.13079391319339684,0.07726920545507047,-0.03919633519421406
2021-03-10,12.408540725708008,12.917839263049766,12.397842388909234,12.779007652547866,384376000,13.752137041091919,13.475609893798827,31.52986229700545,-0.4229820959330972,-0.18923154974133694,-0.004161933319359122,-0.26339915373765865
2021-03-11,12.931276321411133,12.983774296200266,12.673516798492331,12.88798468790623,299916000,13.664277076721191,13.477559585571289,35.83434175525829,-0.38950041729123264,-0.2292853232513161,0.04126389427688755,-0.21973276167086397
2021-03-12,12.79443359375,12.82702688570475,12.529707651427094,12.587678172940858,243964000,13.545374965667724,13.47591188430786,38.269854218214874,-0.369745810678225,-0.2573774207366979,-0.010638697146658582,-0.18655890315955137
2021-03-15,13.12807846069336,13.143504301301956,12.706109160796741,12.803142092591518,221988000,13.457555675506592,13.47690782546997,42.716419025006985,-0.3234393823713759,-0.2705898130636335,0.02574312950991919,-0.09007886409470245
2021-03-16,13.2276029586792,13.447793050182042,13.053938116578156,13.292539944375276,272128000,13.35635724067688,13.48169994354248,40.356939972762454,-0.2755342220936754,-0.27157869486964187,0.007552449088346851,0.2258680649404472
2021-03-17,13.277362823486328,13.388826000203004,12.927296885895657,12.977306305551467,243864000,13.278750467300416,13.486323261260987,50.37628304383879,-0.23089225007275793,-0.2634414059102651,0.0037547623095699582,-0.10386288805268107
2021-03-18,12.66157341003418,13.120863512138007,12.656099908286295,13.07359132528923,293896000,13.174184465408326,13.472835636138916,40.6986343369093,-0.24240789756739112,-0.2592347042416903,-0.04748885077247393,0.2051635337729225
2021-03-19,12.784233093261719,12.85962068483066,12.552100433738472,12.688941772839797,299208000,13.070901489257812,13.477525119781495,40.654411213315186,-0.23888282731207333,-0.25516432885576695,0.009640931073386932,0.018074420883577913
2021-03-22,13.123102188110352,13.330354946608361,12.844940676234321,12.850912459188029,297804000,13.012952995300292,13.474476833343505,47.93240449120669,-0.20636641624306407,-0.2454047463332264,0.026161580770931503,-0.004692387904066786
2021-03-23,13.008157730102539,13.280596165418768,12.958894309878364,13.190778334583692,222048000,12.959889841079711,13.470467739105224,52.86311432165902,-0.18770820004725053,-0.23386543707603125,-0.00879752447637368,-0.25438207680219205
2021-03-24,12.582451820373535,13.096230085998668,12.576232321336645,13.088268026267176,245840000,12.867783164978027,13.451084957122802,52.93701689790543,-0.20491026049846006,-0.22807440176051702,-0.03327354779185182,0.10714800403516356
2021-03-25,12.4752197265625,12.65386069712674,12.2132310027731,12.439641491398485,295144000,12.829584074020385,13.432278499603271,50.824631087690925,-0.2246066257656878,-0.2273808465615512,-0.008558875728804503,0.20055320533680443
2021-03-26,12.777763366699219,12.794682152334557,12.314244068153682,12.494377029182635,363968000,12.786266565322876,13.418587760925293,64.99334952007581,-0.21334409591268688,-0.22457349643177835,0.023962168368682684,0.23318786761716326
2021-03-29,12.886244773864746,12.999947849243705,12.639183556428844,12.758857466926408,273520000,12.742043352127075,13.413662643432618,56.39475916210277,-0.19343511729770135,-0.21834582060496296,0.008454022666474112,-0.24850536310884475
2021-03-30,12.810108184814453,12.913112896753688,12.644156781650523,12.780500784061243,200204000,12.715676546096802,13.41399477005005,55.984844091651794,-0.1817060999333009,-0.21101787647063056,-0.005925884655641463,-0.26804621234279025
2021-03-31,13.284324645996094,13.405988787015568,12.920325938072057,12.953167891076216,314776000,12.742941236495971,13.420513248443603,55.33894247409834,-0.13261674070814777,-0.19533764931813402,0.03635018087572699,0.5722762781962398
2021-04-01,13.745610237121582,13.803580772090145,13.446548372527793,13.507257082538256,308276000,12.81488356590271,13.429482402801513,63.09874307982085,-0.05584740366751184,-0.1674396001880096,0.03413477556821808,-0.020649604798332777
2021-04-05,13.920516014099121,13.946888858751477,13.667234391669156,13.801090791161734,255672000,12.891032218933105,13.431966171264648,61.41165205826441,0.018888548059598165,-0.13017397053848803,0.012644206539951158,-0.1706392972531109
2021-04-06,13.795119285583496,13.986946213948366,13.707541356464933,13.932707577763324,191744000,13.004100561141968,13.435026092529297,58.112181495277056,0.0672239444535574,-0.09069438754007896,-0.009048869549881138,-0.25003911261303546
2021-04-07,14.07576847076416,14.175289010956332,13.645837117597932,13.814276132527263,251284000,13.084874391555786,13.444877948760986,60.70588680613829,0.12671544136405188,-0.04721242175925278,0.02013991616571248,0.31051819092122823
2021-04-08,14.248437881469727,14.402198005906836,14.180762736178757,14.184495575099847,244416000,13.176869249343872,13.462520809173585,74.14807178006456,0.18565573590731788,-0.0006387902259386499,0.012192507539273235,-0.027331624775154828
2021-04-09,14.331037521362305,14.338999581135083,14.10711562362338,14.145928410886224,195172000,13.246857309341431,13.4921124458313,73.82898813385611,0.23630743953341415,0.04675045572593191,0.005780362915499329,-0.20147617177271537
2021-04-12,15.1361665725708,15.278979704341099,14.07153957274633,14.221319152451406,869324000,13.363943958282471,13.5351554107666,77.1163903237368,0.3375256793421926,0.10490550044918405,0.054659376039632356,3.4541430123173402
2021-04-13,15.604410171508789,15.624812178804676,15.053312053982292,15.158555698521697,676212000,13.487760543823242,13.588781929016113,81.93269188812823,0.4503340383174326,0.17399120802283374,0.030466560296467687,-0.2221404217529943
2021-04-14,15.203841209411621,15.645216922969265,15.1545777941743,15.550174265451684,385500000,13.586572456359864,13.629477481842041,82.44247113288269,0.501630424716863,0.23951905136163962,-0.026005470532638957,-0.4299125126439637
2021-04-15,16.059967041015625,16.13659794169235,15.556638505158789,15.587490177903373,598480000,13.725702667236328,13.680933380126953,87.42726392888294,0.6043982533376262,0.312494891756837,0.05478154920423939,0.5524773022049287
2021-04-16,15.836299896240234,16.08833727476154,15.789275419089932,15.976126200516884,335208000,13.88443899154663,13.728438205718994,82.4680210380022,0.6601842356842038,0.3820327605423104,-0.014024889585641171,-0.4399010827429488
2021-04-19,15.288185119628906,15.731800742106158,15.160051831017325,15.462098601243506,404420000,14.00963659286499,13.762319526672364,73.3211280808895,0.6526434791527365,0.4361549042643956,-0.035224451006322786,0.20647478580463474
2021-04-20,15.098597526550293,15.422786959373079,14.891344758656516,15.249869097697879,334132000,14.108411359786988,13.79386651992798,71.74064107509881,0.6241741498964242,0.47375875339080137,-0.012478455212975262,-0.17379951535532367
2021-04-21,15.286941528320312,15.28893180639827,15.029928007995823,15.04634851396947,216776000,14.222350549697875,13.812312412261964,70.11755364563454,0.60978061686078,0.5009631260847971,0.01239710861228247,-0.35122646139848923
2021-04-22,14.779135704040527,15.364568865290124,14.712704831012775,15.301372550222148,277788000,14.332184743881225,13.824094161987304,60.28627651084581,0.5510458387067079,0.5109796686091793,-0.0337825326721984,0.28145182123482315
2021-04-23,15.192146301269531,15.261562107775354,14.82889448109433,14.862731103886027,227500000,14.468031072616578,13.834167575836181,62.08334730399464,0.5316955520264095,0.5151228452926254,0.027562167204604453,-0.18103013809091828
2021-04-26,15.403878211975098,15.404873825568805,15.052568979496371,15.112282067435485,197796000,14.59933681488037,13.838795623779298,65.04005674705834,0.5273661573100803,0.5175715076961164,0.013840706046038518,-0.13056703296703298
2021-04-27,15.308087348937988,15.595454229797074,15.280967559873904,15.503894807552262,164572000,14.720428943634033,13.847268085479737,61.93323637851977,0.5103228742865191,0.5161217810141969,-0.006238036017166335,-0.16797104087039172
2021-04-28,15.203592300415039,15.457869551472516,15.142635880213009,15.290922515939359,209416000,14.840103149414062,13.846308498382568,59.37305342597029,0.4828184421290622,0.50946111323717,-0.006849538161505966,0.27248863719223193
2021-04-29,15.251362800598145,15.362577303047306,14.999325442438934,15.326252116986469,173196000,14.938455057144164,13.854745788574219,59.09343015593649,0.4595779332780925,0.49948447724535455,0.00313712755134322,-0.17295717614699924
2021-04-30,14.937621116638184,15.291418896124943,14.925181167243966,15.101831865428135,201912000,14.998055601119995,13.858440341949462,47.82725401392879,0.4111043753920285,0.4818084568746894,-0.020785925148665462,0.16580059585671725
2021-05-03,14.76569938659668,15.173735815261006,14.716685585647,15.0525689765553,203912000,15.040314769744873,13.856756477355956,40.18518262248378,0.35472701253904404,0.45639216800756033,-0.011576055941880164,0.009905305281508792
2021-05-04,14.282522201538086,14.567401476976356,13.94315563012395,14.56715281088662,405324000,15.064684915542603,13.856765480041505,39.42297607079896,0.26797019197959315,0.4187077728019669,-0.03327031587111041,0.9877398093295147
2021-05-05,14.389260292053223,14.742560743124349,14.318600201838999,14.638560411281018,292024000,15.080359506607056,13.863162269592285,26.833686982238035,0.2054592521296108,0.37605806866749575,0.007445549200489555,-0.27952946284947355
2021-05-06,14.453448295593262,14.501467421026504,14.149909603249656,14.425831176728249,193380000,15.090610027313232,13.863739528656005,29.93784158694747,0.15926243911495952,0.3326989427569885,0.0044509071893661665,-0.33779415390515843
2021-05-07,14.741314888000488,14.899055557162523,14.601487668316276,14.737334332362575,229328000,15.111123895645141,13.89378179550171,41.41806155810593,0.14421711504633627,0.29500257721485806,0.019721065747517592,0.18589306029579067
2021-05-10,14.197432518005371,14.73509513395343,14.181758011696585,14.716434736221853,268904000,15.06418719291687,13.904848175048828,37.27335023862974,0.08739934029157936,0.25348192983020235,-0.03759294854186448,0.1725737807855996
2021-05-11,14.237737655639648,14.28600545214214,13.684151890616677,13.758792529289508,285584000,14.995853567123413,13.914188747406007,34.53608102516125,0.04510321047686361,0.21180618595953463,0.0028348811968417985,0.06202957189182756
2021-05-12,13.692612648010254,14.191959832815755,13.64359884835176,13.942410098916847,303408000,14.920292139053345,13.921292114257813,34.16029260794562,-0.03203453526267275,0.16303804171509317,-0.03903955623681919,0.06241246008179724
2021-05-13,13.599807739257812,14.013318571765083,13.394545268670152,13.966542771255337,285404000,14.797284173965455,13.938507652282714,24.395906505207037,-0.0995082656968318,0.1105287802327082,-0.0068008088054207026,-0.059339239571797764
2021-05-14,14.174792289733887,14.25938527455248,13.68266022181972,13.823483068810868,258616000,14.714208793640136,13.975868225097656,32.304064879008195,-0.1053705887545977,0.06734890643524702,0.041409540402093215,-0.09385993188602826
2021-05-17,14.097662925720215,14.101394815593933,13.787157729474968,14.089203532423051,216980000,14.654682683944703,14.009870624542236,32.478592833962566,-0.11491554225388612,0.030896016697420398,-0.0054561625277345415,-0.16099545271754256
2021-05-18,13.948629379272461,14.335269089608653,13.936935429096572,14.19867642444646,186256000,14.59718427658081,14.05816816329956,32.0651362092558,-0.13297291930182276,-0.0018777705024282318,-0.010627782638770053,-0.14159830399115125
2021-05-19,13.998390197753906,14.012074425864109,13.478392376887879,13.501530662163134,344000000,14.53275671005249,14.088930130004883,32.103760937606836,-0.1416355520468251,-0.029829326811307604,0.003561086070764444,0.846920367666008
2021-05-20,14.542521476745605,14.613430225210289,14.202159294293685,14.234005637482559,321592000,14.520925998687744,14.131609745025635,44.70524664850849,-0.10340195086426185,-0.04454385162189846,0.03813453649877462,-0.06513953488372093
2021-05-21,14.919955253601074,15.14910295826252,14.798291095690491,15.091131488505768,672992000,14.507316446304321,14.171383323669433,51.959272083828054,-0.042159803056241785,-0.044067041908767125,0.025622722054788043,1.0926888728575337
2021-05-24,15.537235260009766,15.669597751616458,15.10332242541384,15.139647605689639,554816000,14.513984298706054,14.226239356994629,65.41165307843688,0.05554410018841338,-0.024144813489331028,0.04053982223242668,-0.17559792686985876
2021-05-25,15.572815895080566,15.742747872729003,15.408357419560648,15.690499512719473,435408000,14.527220726013184,14.275134105682373,64.79627238967367,0.1342981023921439,0.00754376968696396,0.0022874054695211964,-0.2152209020648287
2021-05-26,15.624814987182617,15.718116033223644,15.511610211521978,15.658901227493464,370440000,14.548281860351562,14.32307834625244,64.68865739218202,0.1986175689884817,0.04575852954726751,0.0033335313473839574,-0.14921177378458828
2021-05-27,15.413829803466797,15.67457520145046,15.385964013483283,15.624565789324397,581476000,14.556405210494995,14.365807685852051,58.5989768287838,0.2299161384870434,0.08259005133522268,-0.01359520912224774,0.5696900982615267
2021-05-28,16.166704177856445,16.19954708212294,15.426765997018279,15.426765997018279,644536000,14.617859363555908,14.435910301208496,73.90224822914885,0.31187603746444204,0.12844724856106654,0.04768868394261421,0.10844815607178981
2021-06-01,16.186607360839844,16.309765393162294,15.827087498879644,16.192081810450947,472804000,14.688904762268066,14.503957786560058,73.77235269209473,0.3741232089529376,0.17758244063944076,0.0012303646549674519,-0.26644283639703603
2021-06-02,16.697900772094727,16.837728952367616,16.157750527142543,16.174420647544324,594168000,14.809673690795899,14.575453758239746,86.96364832798261,0.4594157868408608,0.23394910987972478,0.031098815044356586,0.25668987572017166
2021-06-03,16.888484954833984,17.17635111968771,16.503587746671425,16.62077403418186,580008000,14.934634923934937,14.653060302734374,89.499137953548,0.5362082452127002,0.29440093694631986,0.011349016824309555,-0.02383164357555434
2021-06-04,17.494070053100586,17.576422190681168,17.013631964827372,17.030548852392332,617120000,15.086666011810303,14.751292667388917,89.57576284071908,0.6385714241952343,0.3632350343961028,0.03522994332085467,0.06398532434035387
2021-06-07,17.534622192382812,17.727196038292035,17.110414943863784,17.48710229431981,575756000,15.22633137702942,14.852480716705323,91.33945119980216,0.7147282573100995,0.43353367897890216,0.0023153680482538167,-0.06702748249935186
2021-06-08,17.37339973449707,17.53711123572053,17.16838498606947,17.443312869189647,323848000,15.385129737854005,14.94439344406128,91.07241380256869,0.753389189664933,0.49750478111610835,-0.009237051847595585,-0.43752561849116645
2021-06-09,17.279083251953125,17.494845805819946,17.177051714798523,17.435866151003694,381656000,15.537197017669678,15.032250213623048,88.92850579436849,0.7675696401711694,0.5515177529271206,-0.005443576177998218,0.17850349546700928
2021-06-10,17.345523834228516,17.412219583949422,17.097660874799708,17.27086704833761,287772000,15.719842576980591,15.122958526611328,87.51290671961155,0.7752325508043381,0.5962607125025641,0.0038377714240886594,-0.24599115433793783
2021-06-11,17.743947982788086,17.85742833705059,17.364187797103718,17.399774175994814,416308000,15.927049589157104,15.212150993347167,87.58267139107252,0.8041848196948536,0.6378455339410221,0.022710018221968675,0.4466591607244623
2021-06-14,17.93657112121582,17.957226532251276,17.582195733025387,17.82433623634231,321376000,16.1151385307312,15.295970211029053,86.00028961799615,0.8330696702421143,0.6768903612012405,0.010797208930280884,-0.22803309088463353
2021-06-15,17.70737075805664,17.934082819672014,17.647147489049146,17.83329490038093,243032000,16.29562392234802,15.371707305908203,80.26875410943657,0.82792279004574,0.7070968469701404,-0.012860728088932653,-0.2437767599322912
2021-06-16,17.729021072387695,17.872862771783062,17.50430069412692,17.70961117675783,307124000,16.484643507003785,15.450385341644287,80.09745025181014,0.8161824071029571,0.7289139589967037,0.0012219255915495721,0.26371835807630273
2021-06-17,18.572158813476562,18.749097779560163,17.675268955812072,17.693435236474446,809656000,16.713331937789917,15.540313148498536,88.25673702498891,0.8649417285069774,0.7561195128987586,0.04646071585437118,1.6362511558849193
2021-06-18,18.553739547729492,19.286631467550436,18.49923881961197,18.698327387768984,968856000,16.913892841339113,15.62641918182373,85.17222811161187,0.8918172471142682,0.7832590597418605,-0.0009922597470441931,0.19662671554339117
2021-06-21,18.343204498291016,18.45195723428612,17.741461763180403,18.35116743365587,672384000,17.085055303573608,15.706662521362304,80.08658676771117,0.8859155868415378,0.803790365161796,-0.011412182761879486,-0.30600213034754387
2021-06-22,18.80061149597168,18.877261882587188,18.302145702434846,18.38725647206684,580144000,17.248224115371706,15.779951419830322,79.78261151466295,0.90768418231929,0.8245691285932949,0.02463021684443748,-0.13718351418237196
2021-06-23,18.9703311920166,19.065396569450836,18.821513150301545,18.92105744176349,332356000,17.418099880218506,15.847269840240479,79.66240707797216,0.9279342635624843,0.8452421555871328,0.008986846831293284,-0.4271146473978874
2021-06-24,19.117910385131836,19.331432554333333,19.0011946790379,19.14006003501539,320924000,17.592754650115968,15.925551223754884,76.60962342206959,0.9449976615535256,0.8651932567804114,0.00774936965047456,-0.03439685156879968
2021-06-25,18.944204330444336,19.257270776737716,18.80832746643894,19.192566694456715,278364000,17.769273376464845,15.983235969543458,72.13274610325163,0.9337403232916266,0.8789026700826545,-0.009127567502445987,-0.13261706821552766
2021-06-28,19.89385223388672,19.987174655201073,19.23088938832883,19.27294637389471,495436000,17.955630779266357,16.064387016296386,81.72130616281666,0.9900349443206764,0.901129124930259,0.048912706362583235,0.7798134816283715
2021-06-29,19.935409545898438,20.007079760054115,19.567344985249843,19.791816597228845,367632000,18.143070888519286,16.157331504821776,83.88130013419396,1.0261730803378697,0.9261379160117812,0.0020867736551094303,-0.25796268337383643
2021-06-30,19.911272048950195,20.070542160413943,19.77315479150044,19.908036750212215,326568000,18.30373945236206,16.253584995269776,83.08299578712824,1.04086665631743,0.949083664072911,-0.0012115186978950507,-0.11169865517691602
2021-07-01,20.11981773376465,20.36270439094077,19.927697171358744,20.033214626548176,480136000,18.465306091308594,16.35024251937866,82.21198404554633,1.057153111998101,0.9706975536579491,0.010419280244962342,0.470248156586071
2021-07-02,20.393564224243164,20.411732403859773,20.195223675024934,20.347028318463767,342764000,18.610280799865723,16.462531089782715,82.59485151080244,1.079703153586678,0.9924986736436949,0.013514085639885166,-0.28611060199610105
2021-07-06,20.60409927368164,20.746944185216677,20.257438112216875,20.64292096446594,446708000,18.763754653930665,16.570770149230956,88.61970756516212,1.101861074403736,1.0143711537957032,0.010270677994551062,0.3032523835642016
2021-07-07,20.278837203979492,20.779792073320536,20.239269348710295,20.758390496324644,418428000,18.909026527404784,16.668269329071045,81.44864803827932,1.080717615644243,1.0276404461654112,-0.015912209869652628,-0.06330757452295455
2021-07-08,19.81197738647461,20.041176667969573,19.61089900392695,19.76593893142942,503300000,19.03567123413086,16.75834712982178,66.8560881092362,1.0145939788591285,1.0250311527041547,-0.023291166677411202,0.20283537430573473
2021-07-09,19.958805084228516,19.988668945478935,19.664155534759942,19.871455805781903,296624000,19.16633529663086,16.853451385498047,68.45823676067101,0.9629381369952128,1.0126125495623663,0.007383730251833954,-0.41064176435525535
2021-07-12,20.418947219848633,20.439103283844226,20.09567744553801,20.14768905227268,321984000,19.300085258483886,16.956803073883055,75.5906037648712,0.9481998769861129,0.9997300150471157,0.022792851511005047,0.08549544204110249
2021-07-13,20.157644271850586,20.36793111155692,20.022264856454754,20.30745722182195,290708000,19.411138916015624,17.061203536987303,67.58010522227043,0.9050024309622025,0.980784498230133,-0.012879670301922526,-0.09713526137944739
2021-07-14,19.751007080078125,20.324629020047354,19.66266291046804,20.264903197063806,380100000,19.5133207321167,17.160909690856933,59.528601939062426,0.8284065655774384,0.9503089116995942,-0.02037910333730086,0.3074975576867509
2021-07-15,18.879745483398438,19.756479085995565,18.772486985762363,19.72139014783065,550564000,19.570856952667235,17.25285415649414,47.52949658450188,0.6894526796795688,0.8981376652955892,-0.045114801569187526,0.4484714548802946
2021-07-16,18.078174591064453,19.069632541055025,17.990576575321715,18.943710274759216,688224000,19.54615774154663,17.326632442474367,42.051906303838585,0.5087856872978485,0.8202672696960411,-0.04338429289095486,0.25003451006604127
2021-07-19,18.6940975189209,18.95515041008201,17.784016036287866,17.83354040544613,749060000,19.5531756401062,17.41144542694092,38.270608580461264,0.41057279933721347,0.7383283756242756,0.033502446352781275,0.08839563862928346
2021-07-20,18.527114868164062,18.752083971986252,18.081158128932074,18.644576730253064,434687000,19.562371158599852,17.48716142654419,36.561393163046525,0.31562593435796416,0.6537878873710133,-0.008972505746217399,-0.4196900114810562
2021-07-21,19.321475982666016,19.437942953866006,18.65652328269626,18.7958841722349,371017000,19.58841438293457,17.589642295837404,45.093176690577984,0.3010083263788488,0.5832319751725804,0.04198189489472684,-0.14647320945875997
2021-07-22,19.504638671875,19.796301675105028,19.188088165739423,19.552420095289794,323826000,19.61512975692749,17.69498031616211,44.86029472460361,0.30073675885200757,0.5267329319084658,0.009435095404946891,-0.1271936326367794
2021-07-23,19.46879768371582,19.610150227595415,19.16220189145238,19.5663502862294,195672000,19.632674121856688,17.81050401687622,41.95389175249178,0.2942376825735238,0.48023388204147743,-0.0018392526610121846,-0.3957495692130959
2021-07-26,19.206005096435547,19.35332891748849,18.827737126381447,19.222927760778727,203943000,19.64576416015625,17.922627964019775,37.945234495978696,0.2648291664745983,0.43715293892810164,-0.013590069656384124,0.04226971666871093
2021-07-27,19.12039566040039,19.532507034154946,18.655524613503584,19.17713490295772,248863000,19.607091331481932,18.021540031433105,39.58100101521241,0.23194106732334774,0.3961105646071509,-0.004467394627441107,0.22025762100194668
2021-07-28,19.414051055908203,19.556398512743925,18.908368517411507,19.230890227163382,202191000,19.58102340698242,18.127867794036867,46.305967876503445,0.22695633666332782,0.3622797190183863,0.015241484191859866,-0.18754093617773637
2021-07-29,19.57232666015625,19.762455536602744,19.239848425490685,19.42997730193718,190781000,19.564076137542724,18.24034173965454,46.419850635403805,0.23309049803308923,0.33644187482132687,0.008119578328618976,-0.05643178974336149
2021-07-30,19.410070419311523,19.540471578419623,19.175146696320255,19.329438564431676,183497000,19.52858877182007,18.348575344085692,40.108337734265476,0.22229664515815983,0.31361282888869346,-0.008324638299553202,-0.03817990261084703
2021-08-02,19.659921646118164,19.869959730520304,19.27269590837672,19.610150452043428,217444000,19.49190664291382,18.450923347473143,45.109031395164024,0.2312377797147036,0.2971378190538955,0.012790104098735319,0.18500029973242071
2021-08-03,19.72463035583496,20.12977374277201,19.132342754355072,19.64997164851655,301811000,19.447933197021484,18.54701684951782,49.72213102138199,0.24076970209721793,0.28586419566256,0.0032859974103268057,0.3879941502179871
2021-08-04,20.18153190612793,20.225331848038415,19.737565032108463,19.898826814854456,231309000,19.443067932128905,18.639902782440185,65.02561027211217,0.28194190510292927,0.28507973755063387,0.022899797467084447,-0.23359652232688666
2021-08-05,20.542877197265625,20.63844002549978,20.249222567431012,20.4065028973456,211435000,19.47961292266846,18.739304008483888,81.66641671004149,0.3398115813365905,0.2960261063078252,0.017746348312296545,-0.08591970048722708
2021-08-06,20.273115158081055,20.476185237621273,20.117826497097322,20.430395502608686,178497000,19.495328426361084,18.832270011901855,72.26787729723391,0.3597590957005288,0.30877270418636593,-0.013218640617134488,-0.1557831011894909
2021-08-09,20.202436447143555,20.414464320594274,20.051129279869148,20.35274682348764,146443000,19.48450288772583,18.92804214477539,74.28564318794498,0.36564948362369165,0.3201480600738311,-0.003492418508129996,-0.17957724779688178
2021-08-10,19.845073699951172,20.336820073696575,19.744532624439724,20.229312853870223,179238000,19.468874359130858,19.001609535217284,58.691274785311116,0.33758994465784653,0.3236364369906342,-0.017847413321355008,0.22394378700245143
2021-08-11,19.609155654907227,19.957559744802627,19.341383413828332,19.951586593338543,185925000,19.461781787872315,19.070060501098634,51.705030925602436,0.2929391234171952,0.3174969742759464,-0.011959217589676129,0.03730793693301648
2021-08-12,19.814218521118164,19.937651633578177,19.53051849296908,19.77937830002264,151652000,19.508505439758302,19.1323868560791,55.34016024608968,0.27097623999570786,0.30819282741989873,0.010403204694312253,-0.1843377706064273
2021-08-13,20.09592628479004,20.121808676083944,19.760463380904792,19.814217948269306,183063000,19.60939302444458,19.196535682678224,63.67806683908326,0.2731532185766774,0.3011849056512545,0.01411733501358116,0.20712552422651864
2021-08-16,19.8590145111084,20.194477444097572,19.364279545633938,20.043170247358894,210876000,19.667638874053956,19.243834571838377,60.84800981575844,0.2528470264751803,0.29151732981603967,-0.011859086537034344,0.15193130233853913
2021-08-17,19.369258880615234,19.679836228431526,19.17912998166198,19.595222897143497,204585000,19.709746074676513,19.280527305603027,49.37797253586114,0.19498734388936612,0.27221133263070496,-0.02497082009867998,-0.029832697888806714
2021-08-18,18.953168869018555,19.544459791499246,18.913350377923482,19.411070124710943,285913000,19.69133071899414,19.312122688293456,41.97631381598494,0.1142412401532873,0.24061731413522144,-0.02171607530219443,0.3975267003934795
2021-08-19,19.70770263671875,20.401524155483223,18.676426581461318,19.40508831506733,766555000,19.701483917236327,19.36069507598877,53.3437387904556,0.10986745669907094,0.21446734264799136,0.03903841592458198,1.6810778103828787
2021-08-20,20.721059799194336,20.769836101289304,19.842087671920797,19.899821801702963,675741000,19.764097023010255,19.428205795288086,60.175667449979656,0.18602626089454688,0.20877912629730247,0.05014100858063017,-0.11847029893484484
2021-08-23,21.857847213745117,21.89666888976404,20.854445395100246,20.875349520544972,575807000,19.89668912887573,19.510483779907226,66.9675274276147,0.3342587786085005,0.2338750567595421,0.05340943259035383,-0.14788802218601504
2021-08-24,21.693605422973633,21.858848692173698,21.43678269051183,21.653788842883614,297299000,20.025349617004395,19.585624465942384,62.61424650768475,0.4334842404754582,0.27379689350272535,-0.007542461132867375,-0.4836829006941562
2021-08-25,22.111692428588867,22.367520297278727,21.62293250890913,21.637863490780983,347701000,20.16023168563843,19.673710899353026,62.964864976480705,0.5396366655715781,0.32696484791649594,0.019089001632389056,0.16953302903810652
2021-08-26,21.967350006103516,22.238108792972646,21.69061806843084,22.098747931885494,237940000,20.27998285293579,19.758477478027345,64.2977335568346,0.6051403191600606,0.38259994216520893,-0.006549277409518081,-0.3156764001253951
2021-08-27,22.532764434814453,22.61837265798481,22.06590352409162,22.082826190221216,304722000,20.436117553710936,19.8376895904541,68.15017953148003,0.6946689444139018,0.4450137426149475,0.025413186713049034,0.2806673951416323
2021-08-30,22.58452796936035,22.93790848715854,22.448153642564538,22.72588055620961,262580000,20.582347869873047,19.91830535888672,72.40322285284309,0.7610252838282499,0.508216050857608,0.002294621618455126,-0.1382965457039531
2021-08-31,22.286836624145508,22.59547666794216,22.022999320495497,22.59547666794216,259850000,20.710458183288573,19.99717800140381,71.67900502490835,0.780593758294394,0.5626915923449652,-0.013268850438867141,-0.010396831441846333
2021-09-01,22.342586517333984,22.59746436340298,22.25895525818187,22.386394181216367,201767000,20.818510913848876,20.068017501831054,70.97731444014676,0.7914768137197221,0.6084486366199167,0.0024983483210073154,-0.2235251106407543
2021-09-02,22.297788619995117,22.493925233851396,22.197231693882596,22.41925336542852,187834000,20.906256484985352,20.134566650390624,69.01591828101805,0.7874101238667244,0.6442409340692783,-0.0020070580607473485,-0.06905489995886349
2021-09-03,22.742830276489258,22.88520284967304,22.102650281637818,22.227102137054732,280532000,21.02974224090576,20.207065048217775,74.04119830891926,0.8107525346268254,0.6775432541807878,0.019762434517869285,0.4935102271154317
2021-09-07,22.562620162963867,22.798580352130667,22.423232818730735,22.73286979951559,198107000,21.14775142669678,20.279433364868165,78.07050281888547,0.8054256675094713,0.7031197368465245,-0.007955381182876104,-0.29381674817846093
2021-09-08,22.241039276123047,22.510850790435214,21.880625312807148,22.414276035210346,254434000,21.26754970550537,20.32637710571289,79.38957743779787,0.7664203798774096,0.7157798654527017,-0.014355363529178614,0.28432614698117686
2021-09-09,22.07974624633789,22.43916319750874,22.033948443162565,22.214154452621685,196856000,21.391079235076905,20.36926383972168,73.71873507606723,0.7142598657682626,0.7154758655158139,-0.007278469455796524,-0.2262983720729148
2021-09-10,22.379426956176758,22.52677674082894,22.1723389246809,22.249995986999718,248376000,21.519339656829835,20.41862693786621,69.34324854413168,0.6891598060315083,0.7102126536189528,0.013481368504385244,0.261714146381111
2021-09-13,22.054859161376953,22.863298640935614,21.76214779147206,22.584525817265025,297500000,21.61728630065918,20.45732776641846,52.83514280428564,0.6357493960425415,0.6953200021036705,-0.014609149635261283,0.1977807839726866
2021-09-14,22.14446449279785,22.311727046467276,21.989148450540036,22.177318823418137,199755000,21.731558799743652,20.49234577178955,56.630619673175914,0.593806629514475,0.6750173275858314,0.00405460748133081,-0.3285546218487395
2021-09-15,22.24302864074707,22.268915596417685,21.869673111075127,22.211169379062365,166538000,21.875247287750245,20.52512435913086,52.1318715068924,0.5620411276036563,0.6524220875893965,0.004441084773719193,-0.1662887036619859
2021-09-16,22.14446449279785,22.179310858145648,21.830845305683194,22.085723205642353,156033000,22.03481206893921,20.562436904907226,52.91832315607194,0.5228859319385037,0.6265148564592179,-0.004441084773719297,-0.06307869675389399
2021-09-17,21.80396270751953,22.223116047519348,21.734269978657856,22.202208228860844,294503000,22.139625072479248,20.602276611328126,37.030208153716856,0.4590874347206615,0.5930293721115066,-0.015495826376573362,0.8874404773349227
2021-09-20,21.020414352416992,21.33901075751113,20.57139190308022,21.053268680937446,349440000,22.15459280014038,20.623508796691894,27.916715139450815,0.3413658096019674,0.5426966596095988,-0.03659765130177295,0.18654139346628051
2021-09-21,21.152830123901367,21.331044106280054,20.8581286447772,21.32307976600177,204688000,22.119341945648195,20.63818645477295,33.20548455984543,0.2558066399595589,0.48531865567959087,0.006279630996669091,-0.4142399267399267
2021-09-22,21.844785690307617,21.863701476380758,21.103051781941048,21.27230638458267,268726000,22.126900959014893,20.67192928314209,43.79660726891565,0.24105666174837026,0.4364662568933468,0.032188543341357886,0.31285664035019156
2021-09-23,22.383413314819336,22.43618040031982,21.79400836896139,22.04291208043508,248555000,22.140487003326417,20.724577407836914,50.95008558643214,0.2697207723787365,0.40311715999042474,0.024357955669072708,-0.07506158689520182
2021-09-24,21.98417091369629,22.051873513577714,21.765136329994856,21.97321946935891,217655000,22.141328048706054,20.78666591644287,41.49553220167354,0.2572562712459465,0.37394498224152917,-0.01799751708723634,-0.1243185612842228
2021-09-27,21.565019607543945,21.703410024457195,21.23148951169654,21.6147995953172,245215000,22.09294080734253,20.856402816772462,39.38564469479087,0.211122369625528,0.3413804597183289,-0.01925015113889984,0.12662240702028438
2021-09-28,20.60822868347168,21.32507250371504,20.560438842257536,21.120971560225616,343069000,21.994125843048096,20.894685440063476,34.69577402041389,0.09624642005817563,0.29235365178629824,-0.0453820926390194,0.3990538914829844
2021-09-29,20.427030563354492,20.924838000257065,20.377248680273436,20.84817598919537,218394000,21.901135540008546,20.932683753967286,34.56679211542949,-0.009307480723975914,0.2320214252842434,-0.008831395299151296,-0.36341085904001824
2021-09-30,20.625150680541992,20.97361615381417,20.597273594598942,20.67692268286252,221009000,21.815263748168945,20.958757247924805,33.30168249329705,-0.07609588388906019,0.1703979634495827,0.009652186526130237,0.011973772173228259
2021-10-01,20.651039123535156,20.7675247129361,20.114401382383377,20.659003463241838,240978000,21.732926273345946,20.98168525695801,35.83194669775399,-0.12549061588631005,0.11122024758240415,0.001254400975996768,0.09035378649738246
2021-10-04,19.645469665527344,20.451917043098803,19.469245817551954,20.414083578048384,345635000,21.57805824279785,20.985218696594238,28.714344061348243,-0.24297646676927087,0.04038090471206915,-0.04991887853174035,0.4343010565279819
2021-10-05,20.3613224029541,20.557459057602955,19.766940131519803,19.862519839142266,279282000,21.467993354797365,21.00832504272461,35.497283375670335,-0.2751497615777794,-0.02272522854590056,0.03579038024071235,-0.19197419242842884
2021-10-06,20.609228134155273,20.629138987907215,19.99194609221421,20.03177159768733,297202000,21.386402797698974,21.038101692199707,38.433856059556646,-0.27744519335098516,-0.07366922150691749,0.01210180256313602,0.06416453620355056
2021-10-07,20.982580184936523,21.22849675315436,20.880031234621082,20.99950393304236,256919000,21.331544494628908,21.069472274780274,43.84235762915876,-0.24629877039472703,-0.1081951312844794,0.01795363531703901,-0.13554081062711554
2021-10-08,20.73965072631836,21.113006266424186,20.683896542065902,21.00846717095083,151258000,21.249555683135988,21.092818756103515,47.70954772899777,-0.23846846682423717,-0.13424979839243095,-0.011645216405401412,-0.41126191523398425
2021-10-11,20.604246139526367,20.970632383544228,20.421053017517437,20.484773437642136,163388000,21.177025032043456,21.116702270507812,45.52686716467679,-0.24041752973305464,-0.1554833446605557,-0.0065501842440183165,0.08019410543574557
2021-10-12,20.580352783203125,20.964659771807728,20.437980218130104,20.736663894521275,162134000,21.09881944656372,21.13511089324951,38.42926465203159,-0.24111079514058176,-0.1726088347565609,-0.0011603055330816738,-0.0076749822508385135
2021-10-13,20.8471736907959,20.8979506288575,20.622164953970238,20.826265874944212,180652000,21.02902669906616,21.15756175994873,35.20604547995971,-0.21762139170443007,-0.18161134614613475,0.012881512358255841,0.11421416852726751
2021-10-14,21.650638580322266,21.6595979888479,21.029374431188767,21.194646843821843,243589000,21.004335403442383,21.186943893432616,47.02008626169228,-0.13264393182267042,-0.1718178632814419,0.03781656498220155,0.348388061023404
2021-10-15,21.766130447387695,21.834828112212975,21.567008625168985,21.714358431793613,226994000,21.00244379043579,21.211408958435058,51.89989513097816,-0.05534151167279333,-0.1485225929597122,0.005320162787778091,-0.06812705007204756
2021-10-18,22.124549865722656,22.19324752272249,21.5490835543678,21.653624540532604,189494000,21.057650566101074,21.248437652587892,66.15062504799545,0.03444559744767517,-0.11192895487823473,0.016332733206762567,-0.16520260447412705
2021-10-19,22.192249298095703,22.28085779315563,21.940358557922448,22.178308856137,161473000,21.10962152481079,21.288233909606934,69.26752898509991,0.1097996052105934,-0.06758324286046911,0.0030552515665596964,-0.1478727558656211
2021-10-20,22.006074905395508,22.334627718556206,21.885605224072492,22.207188763908334,146276000,21.117685985565185,21.33145393371582,65.11232770115413,0.15273484942242987,-0.023519624403889314,-0.008424549897199679,-0.0941148055712101
2021-10-21,22.592487335205078,22.611405016436052,21.98615875079242,22.000097295285027,187590000,21.128139686584472,21.391120567321778,68.92474485716984,0.23141234456554827,0.027466769389998206,0.02629888491432267,0.2824386775684322
2021-10-22,22.6263427734375,23.02857050189633,22.462067311679963,22.722917534822606,249384000,21.160248279571533,21.447363052368164,85.8478222972539,0.2931177977182635,0.08059697505565128,0.0014974047084821277,0.32940988325603704
2021-10-25,23.064411163330078,23.252581526641404,22.67014782202449,22.87225673076628,230235000,21.23521785736084,21.506732749938966,84.83458453303811,0.37306777875278385,0.13909113579507779,0.019175950310880152,-0.07678519872966993
2021-10-26,24.60860824584961,25.148233144137606,23.81908649717466,23.88380198609397,485898000,21.435236835479735,21.60172462463379,88.63251715023632,0.5546389809750849,0.22220070483107923,0.06480552318263304,1.1104436771125155
2021-10-27,24.343774795532227,24.97997251638669,24.175515291453934,24.36667464722999,245990000,21.631074047088624,21.70121494293213,83.16314855268288,0.6694486336199468,0.31165029058885274,-0.010820148791673378,-0.49374148483838176
2021-10-28,24.831628799438477,24.84059010745586,24.415462540776538,24.768905340270393,234204000,21.841397953033447,21.818784141540526,88.5120849365263,0.7906873004354189,0.407457692558166,0.019842033783906216,-0.047912516768974345
2021-10-29,25.454875946044922,25.5962534057975,24.890363073634163,24.891358141249718,292503000,22.081589794158937,21.93372760772705,91.8126583926787,0.9263818995165991,0.5112425339498526,0.024789118468357383,0.2489240149613159
2021-11-01,25.7137393951416,25.78044501501722,25.116370221539132,25.53652048764444,265740000,22.385003280639648,22.033581199645997,92.5272944411841,1.0427883488726266,0.6175516969344075,0.010118141983494991,-0.09149649747182076
2021-11-02,26.285221099853516,26.56100677962379,25.6868568702382,25.708761653173653,294112000,22.68119821548462,22.122128677368163,92.88638241839172,1.1676946392126553,0.727580285390057,0.0219813900073717,0.10676601189132229
2021-11-03,26.48136329650879,26.666548478561623,26.119956139803698,26.55304806688259,239910000,22.974804973602296,22.21788383483887,92.13277051856747,1.2678953024405928,0.8356432888001641,0.007434367878599512,-0.18429033837449682
2021-11-04,29.670320510864258,31.22746140898035,26.99908514654283,27.109598462266224,1153631000,23.40919198989868,22.369056396484375,94.87852253460481,1.5863408955456464,0.9857828101492606,0.11370602301693354,3.808599057980076
2021-11-05,29.621524810791016,31.26229639946253,29.281023678591378,30.054616607068407,851260000,23.853285694122313,22.522139892578124,94.11759291851043,1.8138648126956625,1.151399210658541,-0.0016459501580622126,-0.2621037402774371
2021-11-08,30.668916702270508,30.963618188602332,29.775849037020173,30.01678837668219,503101000,24.35651922225952,22.684862937927246,94.72573801445445,2.0550060973876754,1.3321205880043678,0.03474836980609048,-0.40899255221671404
2021-11-09,30.522560119628906,32.16831303240709,29.832600226347303,32.14043594172841,646746000,24.85362958908081,22.84362358093262,95.1254401030355,2.208840412449753,1.507464552893445,-0.004783570174379425,0.28551920986044554
2021-11-10,29.32981300354004,30.714713791904344,28.65179963773985,29.22726595064239,636206000,25.27776155471802,22.984483108520507,83.54309286338994,2.209045984363666,1.647780839187489,-0.0398615788760451,-0.01629696975319528
2021-11-11,30.256729125976562,30.45585281899345,29.646418368081974,30.334388087867172,332172000,25.708066082000734,23.14276596069336,84.88702259827095,2.2579747586288903,1.7698196230757695,0.031114102818706788,-0.4778860934980179
2021-11-12,30.256729125976562,30.54545829095262,29.500061751090385,29.87839638802561,413054000,26.132596015930176,23.301944770812987,84.25636398587028,2.270577362299605,1.8699711709205367,0.0,0.24349433426056377
2021-11-15,29.893329620361328,30.509614574948284,29.11874154072653,30.41801896863416,384909000,26.52103500366211,23.44495475769043,78.36068084074955,2.2255865372369925,1.941094244183828,-0.012083244295497621,-0.06813879056975602
2021-11-16,30.07054901123047,30.256729228063044,29.57572877826621,29.628497753453818,264484000,26.91494998931885,23.59511333465576,81.02472302814161,2.1791116651662428,1.988697728380311,0.0059108887182180965,-0.31286615797500184
2021-11-17,29.13268280029297,30.37521109867771,28.6737039612457,30.28460865268217,428508000,27.271280384063722,23.73294620513916,72.2176013368054,2.0430510087948193,1.9995683844632126,-0.03168559037196733,0.6201660591945071
2021-11-18,31.53609275817871,32.61633372407065,31.18364508674992,32.22505942148186,781711000,27.718460655212404,23.922073135375978,76.5334082987592,2.1048931577506025,2.0206333391206908,0.07927202751391219,0.8242623241573086
2021-11-19,32.84035110473633,32.94290005570085,31.765087317217567,32.10160442864808,533867000,28.229161071777344,24.131291618347166,78.49518111964707,2.233400998307445,2.0631868709580417,0.04052528415291614,-0.3170532332281367
2021-11-22,31.81586265563965,34.49506179185787,31.76010847564054,33.37001612006789,754335000,28.66673364639282,24.326511688232422,71.34072950265518,2.226906341855006,2.0959307651374344,-0.031692984838485615,0.4129642776197069
2021-11-23,31.60677719116211,32.21808479357026,30.744573937637767,31.396702097840617,532163000,29.016642093658447,24.515757942199706,69.75736870454642,2.1797609034014123,2.11269679279023,-0.0065934253903939845,-0.2945269674614064
2021-11-24,32.53071212768555,32.71091813220103,30.792368699348174,31.323032237725272,435162000,29.425988960266114,24.721511611938478,63.35898765695598,2.1916872254364925,2.128494879319483,0.028813065986654673,-0.18227685878198974
2021-11-26,31.364850997924805,32.56655680344716,31.212522066253175,32.45703857581968,283069000,29.75265007019043,24.905919342041017,57.372645505300135,2.083051550292904,2.1194062135141674,-0.036496760706115315,-0.3495089185177015
2021-11-29,33.229637145996094,33.265478577950766,31.895513237231377,32.22406792574834,454964000,30.141388130187988,25.134432830810546,60.129168198868506,2.1229575197525534,2.120116474761845,0.05775429188324315,0.6072547682720468
2021-11-30,32.5327033996582,33.20673647061269,31.724265919380148,33.023541458568594,622066000,30.48233633041382,25.36467861175537,57.61942811235782,2.0744337779432485,2.1109799353981256,-0.021196320988356113,0.3672862028644024
2021-12-01,31.300975799560547,33.14707322872775,31.246209989141473,33.077371978818604,484368000,30.73312406539917,25.567641525268556,57.44965846922647,1.9145188579658452,2.0716877199116697,-0.038596569083088055,-0.22135593329325187
2021-12-02,31.989028930664062,32.33952934929724,30.89272325657991,31.08091852606124,472890000,31.008507347106935,25.770526390075684,56.667295058403724,1.822298941285645,2.021809964186465,0.021743725332915593,-0.02369685858685955
2021-12-03,30.562145233154297,31.99202385703251,30.001543883661746,31.863572220980746,544325000,31.053098583221434,25.934101028442385,51.059155437870146,1.6154544501674906,1.9405388613826702,-0.04563083884331401,0.15106050032777185
2021-12-06,29.9089412689209,30.11207010956424,27.918463234495462,29.75260913184593,658938000,31.06746940612793,26.092596435546874,50.05307300134599,1.3828796243649357,1.8290070139791232,-0.021604684466859647,0.2105598677260827
2021-12-07,32.28874969482422,32.310659060877626,30.520322375117104,30.82501943857468,593053000,31.148461055755615,26.30707103729248,56.55872611683368,1.3747458361373894,1.7381547784107767,0.07656138810626072,-0.0999866451775433
2021-12-08,31.690317153930664,32.15233969224195,31.287043097460884,31.8625799412448,475551000,31.206848907470704,26.52871280670166,57.71726147621055,1.3049683824275817,1.6515174992141377,-0.01870768122825942,-0.19813068983716464
2021-12-09,30.360008239746094,32.06769853366914,30.298272298007166,31.598704034532002,488507000,31.258358669281005,26.72737236022949,46.20563221535519,1.1293064938319226,1.547075298137695,-0.042884957736929526,0.027244186217671773
2021-12-10,30.069255828857422,31.171536668842634,29.733692678385772,31.01719680171708,488825000,31.248985004425048,26.916254463195802,40.43411548495877,0.9556161438489674,1.4287834672799495,-0.009622975194090663,0.0006509630363535912
2021-12-13,28.04094123840332,30.164848996545945,27.996133009770343,30.12004076791297,598344000,31.138195610046388,27.064052505493166,37.81346756946673,0.6468408750357924,1.2723949488311181,-0.06983761942828208,0.2240454150258273
2021-12-14,28.216188430786133,28.555734222401295,27.13382283364954,27.580907982463,667035000,31.05433855056763,27.23546688079834,39.03023729656992,0.4115313564117251,1.1002222303472395,0.006230241758793408,0.11480185311459623
2021-12-15,30.32914161682129,30.369967183258264,27.71931562363803,28.27891988260038,698297000,31.06726818084717,27.434823265075682,43.38600241924439,0.3910369010320096,0.9583851644841936,0.0722131487781955,0.046867105923976915
2021-12-16,28.265975952148438,31.027154448930762,27.97323064778504,31.01918913294205,707366000,31.02393283843994,27.587958221435546,41.166550370034244,0.20594071458075547,0.8078962745035061,-0.07045020166732864,0.012987310556969334
2021-12-17,27.682477951049805,28.79869913534146,27.641652379691788,27.86569352805653,713758000,30.831252098083496,27.721956176757814,32.941562759874515,0.012028583061724163,0.6487227362151498,-0.020859170080439145,0.009036340451760383
2021-12-20,27.6008243560791,28.024011677111307,27.02927210549903,27.188589819244115,461847000,30.569275760650633,27.859179649353027,34.237157617024124,-0.1465476310669338,0.489668662758733,-0.0029540078446812566,-0.35293614922704897
2021-12-21,28.9510440826416,28.995852308207283,27.284179231128302,28.25303247287371,524385000,30.42603483200073,28.02611560821533,42.5458129857539,-0.1614083604611345,0.35945325811475953,0.04776062814852899,0.13540847943150003
2021-12-22,29.274656295776367,29.428996155845503,28.327710555903725,28.767827479708327,395184000,30.309428787231447,28.200001678466798,41.18598813454453,-0.14539675126964013,0.2584832562378796,0.01111590047828464,-0.24638576618324326
2021-12-23,29.51363182067871,29.9308460734299,29.305523238717626,29.628141300237914,343022000,30.158574771881103,28.373330841064455,46.31068739145438,-0.11213152554313055,0.18436029988167757,0.008130083350942346,-0.1319942102919146
2021-12-27,30.813074111938477,30.954468931109847,29.51363732033918,29.533552511595353,403686000,30.130985927581786,28.556579551696778,53.04291012583862,0.01886803950597482,0.15126184780653704,0.04308683183676258,0.17685163050766417
2021-12-28,30.192726135253906,31.196428065606888,29.88404641723083,31.178505155996454,420591000,29.97914037704468,28.725111465454102,41.998031037375334,0.07180155769205143,0.13536978978363992,-0.020338045143759274,0.041876607065887805
2021-12-29,29.873092651367188,30.41776144298987,29.240799693853926,30.143934262767104,343139000,29.846159839630126,28.88008232116699,42.91150408108817,0.08695760818087095,0.12568735346308613,-0.010642875013865608,-0.18415039789248933
2021-12-30,29.45985984802246,30.32714660813748,29.41405644108792,29.69983156408998,308864000,29.75410404205322,29.025434532165526,46.21819716304486,0.06487659666533574,0.11352520210353606,-0.013929510249828992,-0.09988663486225702
2021-12-31,29.285612106323242,29.9019745214391,29.2059532443293,29.54749135107495,266530000,29.61893320083618,29.171025276184082,46.67512072114649,0.032937219682402485,0.09740760561930936,-0.005932312633379474,-0.13706356195607128
2022-01-03,29.99258041381836,30.580065120512547,29.65801249794872,29.687885277671324,391547000,29.590454959869383,29.319027137756347,59.326208057306516,0.06393447056794699,0.09071297860903689,0.02385369050961558,0.4690541402468764
2022-01-04,29.16512680053711,30.33810404913154,28.22813864702251,30.147918368019972,527154000,29.553264236450197,29.44980281829834,54.268573408288354,0.021483772389537137,0.07686713736513694,-0.02797632364267042,0.3463364551382082
2022-01-05,27.486316680908203,29.29059190225155,27.415620224197976,28.82558189391546,498064000,29.313142585754395,29.538240928649902,36.69246580883016,-0.14594232572508048,0.03230524474709345,-0.05928540229039053,-0.055183115370461056
2022-01-06,28.0578670501709,28.316758809179447,26.949613182894534,27.522160621764158,454186000,29.131520080566407,29.607226104736327,48.8676989992364,-0.22985969706201814,-0.020127743614728865,0.02058075229122905,-0.08809711201773263
2022-01-07,27.130836486816406,28.300828200556737,26.94164598984423,28.02102606266158,409939000,28.97006149291992,29.662967338562012,47.106728495111476,-0.36693859764131886,-0.08948991442004686,-0.033598099156658595,-0.0974204400840184
2022-01-10,27.28318214416504,27.351888211869046,25.534668178229204,26.467673635110437,594681000,28.830757808685302,29.711998405456544,48.34628020290778,-0.45800203029937947,-0.1631923375959134,0.005599514950094238,0.45065729291431156
2022-01-11,27.698400497436523,27.94534423303541,26.7245715023315,27.206507203639685,404089000,28.813630771636962,29.756868896484374,42.77504607276945,-0.49100579659045707,-0.22875502939482215,0.015104194065351696,-0.3204945172285646
2022-01-12,27.87963104248047,28.47308885587238,27.490297267388375,27.947340025615873,383413000,28.79680290222168,29.800186729431154,41.81946095762398,-0.49681080309317593,-0.28236618413449294,0.006521684283125855,-0.05116694589558246
2022-01-13,26.461700439453125,28.358577413604603,26.38502715764647,28.258008185903833,540171000,28.603430843353273,29.803716316223145,34.277216604594685,-0.6088084967132339,-0.34765464665024115,-0.052197930882798255,0.40884894356738033
2022-01-14,26.82713508605957,27.081048984239747,26.098255540756934,26.187871987265602,395832000,28.531488800048827,29.81063175201416,27.27886529362928,-0.6604665071225888,-0.4102170187447107,0.013715457340813914,-0.26720982799891146
2022-01-18,25.792566299438477,26.524433344257982,25.660133902473458,26.14804463261415,424270000,28.436993217468263,29.733076667785646,26.048743658803943,-0.7759423272350432,-0.48336208044277723,-0.03932755601033982,0.0718436104205824
2022-01-19,24.960128784179688,26.42983583830402,24.94519334293258,25.96781525631739,488315000,28.304958438873292,29.639848747253417,24.671421766815754,-0.9239774601388397,-0.5714851563819898,-0.032806619371504114,0.15095340231456378
2022-01-20,24.047035217285156,25.469943474688908,23.975341690509236,25.19611632702869,435181000,28.05975799560547,29.507411117553712,23.462176003584915,-1.1022691170648642,-0.6776419485185647,-0.03726798994637311,-0.10881091098983242
2022-01-21,23.27435302734375,24.717175090048293,23.16382617931283,23.406785447324438,718958000,27.75974283218384,29.362446975708007,22.161732068051336,-1.2910333065371056,-0.800320220122273,-0.03265968727911969,0.6520895903084003
2022-01-24,23.272356033325195,23.280321348926336,20.798947012783948,22.234798657209716,913982000,27.447679042816162,29.241297836303712,16.704476147330155,-1.4243721518682655,-0.9251306064714716,-8.580602410262784e-05,0.27125923906542515
2022-01-25,22.228824615478516,22.845186990931126,21.906206530046255,22.449878275649777,664616000,27.018466567993165,29.08073974609375,16.354309762914184,-1.5958524184161362,-1.0592749688604046,-0.045876367080305236,-0.27283469477517064
2022-01-26,22.67491340637207,23.954434796117226,22.204925605698346,23.140918549293506,755959000,26.64257593154907,28.92910343170166,23.491299997246742,-1.6764312716411531,-1.1827062294165545,0.019869324310203194,0.13743725700253973
2022-01-27,21.850440979003906,23.892697037716033,21.582586870222382,23.467517526484492,573353000,26.241443347930907,28.768245658874513,16.72713993053192,-1.7862281021728457,-1.3034106039678128,-0.0370380736474171,-0.24155542827058085
2022-01-28,22.742630004882812,22.76055291888361,21.205211672090677,21.918158867890114,543774000,25.905581855773924,28.621687278747558,26.390281106100502,-1.7807236100443973,-1.3988732051831296,0.040020033639222116,-0.051589509429618374
2022-01-31,24.38160514831543,24.40450780299976,22.95371892485848,23.083163840300895,564680000,25.660381507873534,28.526665725708007,36.54166340808664,-1.625373371321846,-1.444173238410873,0.0695878235364445,0.03844611915979801
2022-02-01,24.532955169677734,25.037793520024238,23.788143210267442,24.996967960877434,518925000,25.387400245666505,28.38660297393799,34.949358862394064,-1.4730639418855702,-1.4499513791058125,0.006188362049427628,-0.08102819295884389
2022-02-02,25.134384155273438,25.70693156804896,24.448320550364187,25.684030811068062,543419000,25.18586311340332,28.232483634948732,37.44878532356374,-1.288968897842274,-1.4177548828531048,0.024219472694828235,0.04720142602495536
2022-02-03,23.84589958190918,24.97008589250318,23.678616565700732,24.353725465820713,410178000,25.003842258453368,28.07308437347412,37.89735716198178,-1.2328308788990334,-1.3807700820622906,-0.05262451809663057,-0.2451901755367405
2022-02-04,24.21531867980957,24.529971431012495,23.531247360390374,23.869797957184883,354829000,24.811714839935302,27.92525520324707,37.9202460157412,-1.1453294160323715,-1.3336819488563068,0.01537315893179867,-0.13493897771211527
2022-02-07,24.622570037841797,25.074632929732385,24.09881172541367,24.268086987323358,376868000,24.686301517486573,27.767092361450196,44.25537573737576,-1.0312346639601095,-1.2731924918770674,0.016678067324293864,0.062111608690383235
2022-02-08,25.000953674316406,25.12243327791411,23.877762561815906,24.255146434255927,410359000,24.57219009399414,27.639814414978026,50.20980282220279,-0.8999077770740698,-1.198535548916468,0.015250467590510087,0.08886665888321632
2022-02-09,26.59114646911621,26.611061657409135,25.244911267514784,25.51276352295215,524282000,24.516827392578126,27.50704460144043,62.22372719816349,-0.6599079957169387,-1.0908100382765622,0.061664349764101706,0.2776178906762128
2022-02-10,25.71390151977539,26.810207355807123,25.490857492439208,25.884173907605756,513200000,24.40854091644287,27.370668563842774,61.604730060775246,-0.5343333140231046,-0.9795146934258707,-0.03354656005172432,-0.021137479448083307
2022-02-11,23.846899032592773,26.04050812916526,23.6716506697888,25.805514193425385,605472000,24.277800846099854,27.221587028503418,52.32119552519528,-0.5787939947046326,-0.8993705536816232,-0.07537757154237477,0.1797973499610288
2022-02-14,24.16353988647461,24.768947532154037,23.653721722186578,23.831959421608797,440424000,24.144621086120605,27.06507724761963,58.30412332648274,-0.5817728189209035,-0.8358510067294793,0.013190691530457165,-0.2725939432376724
2022-02-15,26.382041931152344,26.431828001236315,24.67833617578049,24.842631726431065,699869000,24.174094867706298,26.98147518157959,63.81037214475828,-0.4005022438007124,-0.748781254143726,0.0878386679966222,0.5890800682978221
2022-02-16,26.397974014282227,26.468672364813905,25.44306293139375,26.147049472381745,732676000,24.245987129211425,26.911255836486816,68.02717076452595,-0.25264607439645914,-0.6495542181942726,0.0006037165138508063,0.046875915349872566
2022-02-17,24.402517318725586,25.675068597680315,24.06197633665846,25.5207287378447,810595000,24.263761234283447,26.753531188964843,56.05079935082426,-0.29310691938743716,-0.5782647584329055,-0.07860096954636205,0.10634850875421065
2022-02-18,23.54120445251465,24.87947428103264,23.00151540777712,24.562829258106373,761255000,24.27710380554199,26.590548934936525,46.75235134857038,-0.39017548049534057,-0.5406469028453925,-0.03593402904758614,-0.060868867930347514
2022-02-22,23.2902774810791,23.961403708378384,22.90194083125501,22.93679145884349,633422000,24.277999877929688,26.449154319763185,45.234466213783655,-0.48179686962037493,-0.528876896200389,-0.010716268732420204,-0.16792402020347974
2022-02-23,22.291555404663086,24.052019342712313,22.205923511795177,23.700523668904758,566511000,24.281136417388915,26.293600311279295,39.42043626279571,-0.62775958378149,-0.5486534337166092,-0.04382807265492324,-0.10563415858621894
2022-02-24,23.646751403808594,23.698529751346676,20.800936466850946,20.925403538862675,735801000,24.32972831726074,26.2057165145874,49.26253345619381,-0.6268570768957531,-0.564294162352438,0.05901781879892654,0.29882914894856416
2022-02-25,24.054006576538086,24.1137502356423,23.281315967911333,23.619866534863007,528866000,24.43990659713745,26.122472877502442,49.40431364428423,-0.5865187220878134,-0.5687390742995131,0.017075832153794122,-0.2812377259612313
2022-02-28,24.281036376953125,24.559843299003468,23.605927486955995,23.889712256178317,477319000,24.516826915740968,26.00151077270508,48.72178587632713,-0.5301199845603044,-0.5610152563516714,0.009394073373217593,-0.09746703323715267
2022-03-01,23.37690544128418,24.273069823879005,23.03337702743395,24.187436042997348,412056000,24.466591930389406,25.903729362487795,44.15201870872696,-0.5520160912281824,-0.5592154233269736,-0.03794706161170295,-0.13672826767842894
2022-03-02,24.120847702026367,24.309075054496567,23.31914479926627,23.658748421485516,389642000,24.445986557006837,25.832496757507325,40.52748354164637,-0.5035345575187051,-0.5480792501653199,0.03132792837605688,-0.05439551905566231
2022-03-03,23.61692237854004,24.226416539633046,23.372924502534758,24.162677458354135,365095000,24.370113468170167,25.752818717956544,41.72199910881802,-0.500011335460119,-0.5384656672242798,-0.021113011420991517,-0.0629988553595352
2022-03-04,22.84210205078125,23.583055637492034,22.389960231661586,23.288267916908396,431415000,24.31992359161377,25.630639877319336,45.65917177666912,-0.5533618704153689,-0.5414449078624977,-0.033358090712267696,0.18165135101822805
2022-03-07,21.26458740234375,22.938707297032252,21.242678105287446,22.723590064178474,450821000,24.172387027740477,25.470438499450683,38.706553751473834,-0.7146962287836942,-0.576095172046737,-0.071562288446887,0.044982209705272114
2022-03-08,21.425931930541992,22.281414851467673,20.565468413477934,21.221771178308412,557467000,24.01255512237549,25.30868450164795,27.00716518252571,-0.8200823166657578,-0.6248926009705411,0.0075588350263111155,0.2365595214065006
2022-03-09,22.919784545898438,23.12494059396146,22.15592431561285,22.295350571622645,492742000,23.90849666595459,25.150818710327147,35.80959866155672,-0.7741363670102679,-0.6547413541784866,0.06739853065676654,-0.11610552732269352
2022-03-10,22.56524085998535,22.694707814341992,21.792416770807563,22.438759982660397,428066000,23.707201385498045,24.99826900482178,41.34545442783767,-0.7575994484412298,-0.6753129730310352,-0.015589784262060126,-0.13125733142293528
2022-03-11,22.009531021118164,23.05025324732895,21.95575122647575,22.927755670439296,367209000,23.521982860565185,24.840997772216795,42.571121439302544,-0.7803396908572715,-0.6963183165962825,-0.024935119499380803,-0.14216732933706488
2022-03-14,21.24268341064453,22.170867384126904,21.072383887534045,21.7794765189099,385354000,23.391772079467774,24.676654243469237,40.542146352344915,-0.8504363888465676,-0.7271419310463396,-0.035463061779921735,0.04941327690770114
2022-03-15,22.878952026367188,22.943686459312385,21.23471186606526,21.42990862446335,491996000,23.3275426864624,24.548521041870117,52.562280049434335,-0.7651353209019405,-0.7347406090174599,0.0742048364244315,0.2767377528194854
2022-03-16,24.395721435546875,24.496307806427332,23.077142064193676,23.40379845485764,671422000,23.22822666168213,24.436583862304687,53.221666147055444,-0.5685886587212856,-0.7015102189582251,0.06419040350198094,0.36468995682891725
2022-03-17,24.664615631103516,24.74030282145656,23.808135623978337,24.021260266549067,471941000,23.141558742523195,24.346573638916016,52.65815187887792,-0.3866692165271175,-0.6385420184720035,0.010961885067307265,-0.2971022695115739
2022-03-18,26.344709396362305,26.460235655741535,24.523198138240513,24.69748098703601,730719000,23.238668346405028,24.323741493225096,57.97483424320157,-0.10570867835973985,-0.5319753504495508,0.06589782191774692,0.5483270154532027
2022-03-21,26.62455940246582,27.040849423539733,25.860699040597943,26.398489377058596,591727000,23.392836093902588,24.295075340270998,63.18643243477668,0.1379459737210773,-0.39799108561542523,0.010566602722221855,-0.1902126535645029
2022-03-22,26.41541862487793,27.12649641555455,25.96526931574627,26.61758672052766,547007000,23.549093151092528,24.280766983032226,59.73961647632973,0.3105878644757176,-0.2562752955971967,-0.007886197139362366,-0.0755753920304465
2022-03-23,25.52906036376953,26.503055368285953,25.470301882639813,26.019044893201844,502120000,23.71096839904785,24.245684547424318,57.86111117645628,0.37160250034064646,-0.13069973640962806,-0.03413045309245823,-0.0820592789488983
2022-03-24,28.034759521484375,28.204063653708854,25.800941854899072,26.058882339128612,877379000,23.93036880493164,24.252411727905272,68.68818708286277,0.6150560367438018,0.018451418221057905,0.09362772634602631,0.7473492392256831
2022-03-25,27.57863998413086,28.24191402369098,27.159363852947997,27.771846072498157,579016000,24.10660047531128,24.246391906738282,74.71932245509966,0.7624011971939275,0.16724137401563186,-0.01640359226376318,-0.3400617065145165
2022-03-28,28.103483200073242,28.13435643593802,27.094629507787083,27.64237917989263,425494000,24.297722816467285,24.279227561950684,75.4189417641833,0.9110220643773879,0.3159975120879831,0.01885196647669611,-0.2651429321469527
2022-03-29,28.5386905670166,28.827502401169717,27.865457327415218,28.57753047133925,488984000,24.555812072753906,24.313458671569823,73.264099421889,1.0517982937003403,0.4631576684104546,0.015367204417428799,0.14921479503823787
2022-03-30,27.57664680480957,28.37934706350977,27.390412047597884,28.188133610446798,463487000,24.728602027893068,24.349140281677247,69.75507324223743,1.0733625231795791,0.5851986393642795,-0.0342914460807188,-0.052142810398704276
2022-03-31,27.174299240112305,28.132361016808318,27.15836589385924,27.66826906522798,523440000,24.90647087097168,24.3934236907959,70.60881499005569,1.0459294211925396,0.6773447957299316,-0.014697638549924672,0.1293520638119301
2022-04-01,26.60264778137207,27.38343868051935,26.1594698017538,27.26293373491524,517235000,25.09449815750122,24.444535942077636,71.72614358235805,0.9669150007482905,0.7352588367336034,-0.02126089425549795,-0.011854271740791678
2022-04-04,27.24799919128418,27.44518860912793,26.50405738303461,26.618586388901665,397120000,25.393668746948244,24.524008865356446,69.2564558804664,0.9454711655698738,0.7773013025008575,0.02396934275361231,-0.23222519744410186
2022-04-05,25.824846267700195,27.207164711525582,25.714300606563835,27.142430269538746,436615000,25.61361446380615,24.575058670043944,56.35124058362655,0.8043679712772978,0.7827146362561456,-0.053643032100532825,0.09945356567284458
2022-04-06,24.307083129882812,25.19642705051053,23.904737678545857,24.831926142575206,703833000,25.682979393005372,24.616623840332032,48.56982678614863,0.5635753269056316,0.7388867743860428,-0.06056926744105158,0.612022033141326
2022-04-07,24.108898162841797,24.620793903525843,23.3818870718976,24.340944116539315,557992000,25.760162258148192,24.645303535461426,39.853560704619014,0.3526879833529861,0.6616470161794314,-0.008186803971468289,-0.20720966479264258
2022-04-08,23.02435874938965,23.825068318317854,22.967592876759955,23.81909236344926,524781000,25.81090364456177,24.66878189086914,34.77382023327522,0.09692765575455198,0.5487031440944555,-0.04602825916328407,-0.05951877446271636
2022-04-11,21.827280044555664,22.22863019589857,21.57133213415732,22.12306512210957,575207000,25.840133476257325,24.650474891662597,32.092051168588455,-0.20005241389769424,0.3989520324960256,-0.05339216589960497,0.09608960690268886
2022-04-12,21.41596794128418,22.63197015423266,21.194876629839,22.44474005075557,662258000,25.766984272003175,24.591162147521974,33.327952372933964,-0.46326052897000025,0.22650952020282045,-0.019023756399252766,0.15133856159608627
2022-04-13,22.112104415893555,22.407889437860018,21.36716738576446,21.639050491837658,516943000,25.652803421020508,24.54274513244629,21.865828035259483,-0.6086661364912018,0.05947438886401599,0.03198836044580521,-0.21942354792241092
2022-04-14,21.170974731445312,22.683757345759695,21.07636432042871,22.41286958131203,569097000,25.4781213760376,24.463476943969727,20.902664218403558,-0.790727414801502,-0.1105659718690876,-0.04349404257066634,0.10088926632143203
2022-04-18,21.69382667541504,21.9975764845038,20.992708207900467,21.113213152266766,525701000,25.245577239990233,24.420435485839842,20.88835702687362,-0.882647891852713,-0.2649823558658127,0.024396607928510245,-0.07625413593816166
2022-04-19,22.10712432861328,22.281407142339205,21.22674253068013,21.631080558064472,512781000,25.019705486297607,24.378271598815918,20.73059435245125,-0.9116370808331169,-0.3943133008592736,0.018872189315960908,-0.02457670805267631
2022-04-20,21.39405632019043,22.577192555974293,21.113211195451072,22.42481903619335,468974000,24.76863737106323,24.31370132446289,21.211268596349313,-0.9808432998704895,-0.5116193006615168,-0.03278678298176037,-0.08543023239940639
2022-04-21,20.10037612915039,22.30033264038632,19.918124725646763,21.620128118741523,656209000,24.497203159332276,24.21568977355957,19.58550767756664,-1.127086554528372,-0.6347127514348879,-0.06237461362016369,0.3992438813239114
2022-04-22,19.435108184814453,20.402133738806455,19.42017020020564,20.219882348509838,624713000,24.067220592498778,24.072569007873536,19.42910100679599,-1.2818901193551824,-0.7641482250189469,-0.03365739700012337,-0.04799690342558549
2022-04-25,19.820524215698242,19.863347449845236,19.01782411842625,19.12338916520078,641566000,23.679314804077148,23.95470146179199,17.60205329583934,-1.357821090823009,-0.8828827981797593,0.01963684659353202,0.026977187924694945
2022-04-26,18.711090087890625,19.706996516542763,18.593573098917023,19.637283370463635,653143000,23.20969514846802,23.85198528289795,18.09734574589021,-1.4903392913044087,-1.0043740968046893,-0.057601576473824134,0.01804490886362431
2022-04-27,18.339616775512695,19.088537274074934,18.215128478854176,18.521866304544144,499460000,22.699741458892824,23.73550682067871,20.171230754416385,-1.6068133674119593,-1.1248619509261433,-0.0200528298480505,-0.23529763007488402
2022-04-28,19.701019287109375,19.95497647373352,18.41430844686625,18.8893550683818,570327000,22.30596008300781,23.601886367797853,30.26220626874921,-1.571154812241648,-1.2141205231892442,0.07160680381332171,0.14188723821727467
2022-04-29,18.471071243286133,20.04559815796076,18.441193376572677,19.322570499448265,500435000,21.870798683166505,23.44334831237793,29.87318737330287,-1.6234278131141515,-1.2959819811742257,-0.06446458324350969,-0.12254724044276355
2022-05-02,19.453041076660156,19.493871705119716,18.31571574556032,18.46510132890273,572049000,21.51331834793091,23.34435878753662,39.301748473581405,-1.5675480656868288,-1.3502951980767464,0.051797619773957665,0.14310349995503913
2022-05-03,19.521753311157227,19.743841875684236,19.0546734235437,19.320580585935083,475751000,21.12700605392456,23.263969764709472,41.19280280066874,-1.5004225233187967,-1.3803206631251563,0.003525986821254199,-0.16833872622799795
2022-05-04,20.250755310058594,20.316485100829365,18.67423569064355,19.841438581021603,648855000,20.848301506042482,23.203179321289063,41.37198064899326,-1.3725784486358314,-1.3787722202272914,0.03666269389954231,0.3638542010421417
2022-05-05,18.76685333251953,19.843427141666254,18.424261790585792,19.78566592846384,626331000,20.571290016174316,23.132685279846193,39.38992390757931,-1.3751477393444773,-1.3780473240507287,-0.0760998990203658,-0.03471345678156135
2022-05-06,18.598548889160156,19.432122333318322,17.916353624000763,18.65929999241693,633297000,20.295772552490234,23.031721229553224,35.89835031196576,-1.3749155125683004,-1.3774209617542432,-0.009008632134860948,0.011121914770305219
2022-05-09,16.880615234375,18.180271567332927,16.758117645822335,17.960177470867976,644455000,19.9885853767395,22.88825340270996,28.718583809076165,-1.4961081562157723,-1.401158400646549,-0.0969176249261943,0.01761890550563172
2022-05-10,17.522972106933594,18.12350429350738,16.955305773137006,17.616587170071877,761474000,19.773369979858398,22.75309211730957,34.14634032028788,-1.5227678483711884,-1.425480290191477,0.037346775889902956,0.18157823277032525
2022-05-11,16.561920166015625,17.680323983243905,16.50017560428246,17.275985907406866,670167000,19.53066759109497,22.616792411804198,35.10271200551961,-1.6029667039123758,-1.4609775729356569,-0.0564066176383053,-0.1199082306158844
2022-05-12,16.108781814575195,16.71927317338393,15.503272000214082,16.15260230985151,708728000,19.230501461029053,22.456551094055175,35.7411117882812,-1.6836809269850512,-1.505518243745536,-0.02774151668355535,0.05753938943576742
2022-05-13,17.63351821899414,17.854609562915,16.52507542137206,16.719276866807252,670437000,19.053628635406493,22.33688301086426,41.45925357954704,-1.6060999250286834,-1.5256345800021656,0.090436957544574,-0.05402777934553171
2022-05-16,17.19332504272461,17.715180072849822,17.035972816221634,17.437322904145635,521446000,18.828603553771973,22.223907470703125,43.74588165317358,-1.5621290808618227,-1.532933480174097,-0.025280305564357376,-0.22222968004450827
2022-05-17,18.102588653564453,18.295794716695035,17.561812268275418,18.00000966759252,585830000,18.628376770019532,22.160667495727537,49.064750193904544,-1.437343099172793,-1.5138154039738363,0.051533717993470396,0.12347203737299739
2022-05-18,16.868656158447266,18.043825584450513,16.794959704465033,17.632516285349375,545161000,18.402106761932373,22.069521980285643,38.71068779799364,-1.4216296874978838,-1.4953782606786459,-0.0705977128519937,-0.06942116313606339
2022-05-19,17.05389976501465,17.614594729725628,16.665495022322716,16.867665016255632,621310000,18.249782943725585,21.952204284667967,43.83824588965391,-1.3783404340948096,-1.4719706953618785,0.010921668069285365,0.1396816720198253
2022-05-20,16.62565803527832,17.338726466049714,15.690502001783667,17.26104666528793,739105000,18.10931043624878,21.83341262817383,37.08487203824172,-1.362878502500486,-1.4501522567896001,-0.025431735968720302,0.18959134731454497
2022-05-23,16.828824996948242,16.845755601223512,16.112768519957527,16.207378932516523,639889000,17.95972547531128,21.72979850769043,37.84830883147805,-1.3190260235113165,-1.4239270101339434,0.012146022951046258,-0.13423803113224775
2022-05-24,16.087867736816406,16.529054964044875,15.715399228807048,16.44241123290059,588550000,17.828564357757568,21.626702194213866,31.235444382236537,-1.3287447342452907,-1.404890554956213,-0.04502775857466793,-0.08023110258185406
2022-05-25,16.905508041381836,17.040950964789868,15.934499121271301,15.954417701062567,781132000,17.756858921051027,21.50723331451416,41.07367839114898,-1.2559918510174555,-1.3751108141684614,0.04957405723280333,0.3272143403279246
2022-05-26,17.77791976928711,18.017932366337,15.956407026409044,15.97034965113775,996575000,17.660703945159913,21.374877281188965,46.31352491814707,-1.115084333430353,-1.3231055180208398,0.05031773645094913,0.2758086981457679
2022-05-27,18.733997344970703,18.803710493636046,18.025907407236858,18.111555803971783,738379000,17.67385025024414,21.256264915466307,58.937637255396126,-0.9157108952841568,-1.2416265934735033,0.052382688176318304,-0.2590833605097459
2022-05-31,18.595558166503906,19.121396425746433,18.274875925211305,18.902295884702053,664100000,17.630976104736327,21.101281890869142,55.43659930438629,-0.7601147640184287,-1.1453242275824884,-0.0074171691169835656,-0.10059738968740983
2022-06-01,18.244998931884766,18.97499788497941,18.047809575252625,18.647346215803537,544514000,17.567138385772704,20.93369068145752,59.09378901932947,-0.6575115258850595,-1.0477616872430027,-0.019031732601938238,-0.18007227827134464
2022-06-02,19.511795043945312,19.53868493920684,18.123502575652576,18.21711762991746,648656000,17.53019037246704,20.795618209838867,66.90071694712347,-0.4685764041531151,-0.9319246306250253,0.06712814541009905,0.19125679045901478
2022-06-03,18.643367767333984,19.25286391841899,18.446178338920216,19.003887309829665,598779000,17.524016094207763,20.657904357910155,55.36506198095033,-0.38448665957254846,-0.8224370364145299,-0.045528689604585226,-0.07689283688118198
2022-06-06,18.70909881591797,19.257843890249216,18.48800745127705,19.060654448775498,422406000,17.529543590545654,20.47139114379883,58.3865914496029,-0.3089792642497642,-0.7197454819815768,0.0035195060699898906,-0.2945544182411207
2022-06-07,18.848522186279297,18.92221865575563,18.113542511249516,18.396380279945216,388914000,17.62793893814087,20.2967887878418,54.51148670816188,-0.23517782510194607,-0.6228319506056507,0.007424538993804115,-0.07928864646808997
2022-06-08,18.57558822631836,19.105521994199414,18.463026152906487,18.726000947489727,363252000,17.68056974411011,20.1062308883667,61.68163522321258,-0.1964486051955383,-0.5375552815236282,-0.014586254477496771,-0.06598373933568857
2022-06-09,17.977914810180664,18.859478331118886,17.97094202357339,18.409233910241724,395574000,17.75136947631836,19.89501537322998,55.98573259337347,-0.21154412017220636,-0.47235304925334387,-0.032704208156651635,0.0889795513858147
2022-06-10,16.908082962036133,17.628274789966802,16.80348928209256,17.531651364648273,465248000,17.791334533691405,19.681644096374512,51.689130301860516,-0.30630304292417776,-0.4391430479875107,-0.06135226021462619,0.17613392184521737
2022-06-13,15.586238861083984,16.248656451730458,15.545397710168137,15.937867756879672,604153000,17.6889705657959,19.449882888793944,43.44540890974371,-0.48249998426820895,-0.4478144352436504,-0.08140338870062669,0.2985611974688769
2022-06-14,15.774506568908691,16.0036129839423,15.35215229559049,15.669913807719103,469680000,17.618029642105103,19.233320064544678,48.244683107240455,-0.6000289390073661,-0.47825733599639353,0.01200672796417258,-0.22258103493651438
2022-06-15,16.462820053100586,16.802495430465633,15.864153172658016,16.032496557191926,563936000,17.53604121208191,19.017616481781005,47.48379235129076,-0.6303638941067007,-0.5086786476184549,0.04270937959331274,0.20068131493782992
2022-06-16,15.540419578552246,15.880095995991596,15.341196388689442,15.79841368067241,545749000,17.46962938308716,18.811927947998047,37.35406739879245,-0.7205287669364537,-0.5510486714820547,-0.057660163741052116,-0.0322501134880554
2022-06-17,15.818336486816406,15.932889702329279,15.268479912389294,15.587237016415061,630334000,17.407851219177246,18.642153015136717,32.153148603081675,-0.7607895975035177,-0.5929968566863474,0.017725459788694387,0.1549888318622663
2022-06-21,16.50166893005371,16.941951940881246,16.343285982511887,16.41102270722772,483089000,17.401651763916014,18.490008430480955,37.98473105654154,-0.7291521661795421,-0.6202279185849864,0.042291718796934864,-0.23359837800277317
2022-06-22,16.29647445678711,16.597301831379568,16.11717309578013,16.162994005831898,437135000,17.375034236907958,18.355450744628907,38.62917381340095,-0.7124243683808338,-0.6386672085441559,-0.01251272964368636,-0.09512532887314762
2022-06-23,16.161996841430664,16.520597628121397,15.791440668578582,16.454853928901507,463680000,17.37874069213867,18.242145080566406,27.475103142657503,-0.7019273067335767,-0.6513192281820401,-0.00828618104438954,0.06072494767062797
2022-06-24,17.059497833251953,17.07344340934076,16.24666644132576,16.435929188204064,472153000,17.386440181732176,18.15501567840576,39.39113535512314,-0.6141084208334995,-0.643877066712332,0.05404449391983489,0.018273378191856482
2022-06-27,16.803495407104492,17.26270573709096,16.561438970901577,17.244775982546706,427968000,17.337718963623047,18.04884349822998,37.55339500543668,-0.5587279097972448,-0.6268472353293146,-0.015120181584795346,-0.0935819533075084
2022-06-28,15.919939041137695,17.135200852696613,15.883082065971653,16.834373533612357,461149000,17.197016048431397,17.94382278442383,32.56639304354776,-0.5794544798055377,-0.6173686842245593,-0.054014573379799605,0.0775314976820698
2022-06-29,15.481645584106445,15.758565905380278,15.111090429737093,15.752589638361185,482352000,17.041320419311525,17.819579162597655,31.937623599208962,-0.6240533562440937,-0.6187056186284662,-0.027917184940071654,0.04597863163532834
2022-06-30,15.10013484954834,15.506550493203868,14.80428823063541,15.30135010720161,686070000,16.8840772151947,17.679439373016358,32.76457089160732,-0.6823176814955296,-0.6314280312018788,-0.024951492179901537,0.42234301920589123
2022-07-01,14.46660327911377,15.004506284421517,14.336112418461335,14.841143578722336,577610000,16.631817626953126,17.540890312194826,34.571311723292865,-0.7707288002714012,-0.6592881850157833,-0.04286090341409777,-0.15808882475549146
2022-07-05,14.905891418457031,14.91286420559904,14.000421809691066,14.119955710684517,651397000,16.444943809509276,17.437000617980956,45.16082905895709,-0.7961706081365527,-0.6866646696399372,0.029913761213846663,0.1277453645193123
2022-07-06,15.071247100830078,15.259513302763182,14.731570721690755,14.951713200390376,529066000,16.263051223754882,17.34972339630127,44.9815034127391,-0.793839712478217,-0.7080996782075932,0.011032231070684094,-0.18779791739906693
2022-07-07,15.796420097351074,15.883082152996206,15.329241452564782,15.395981666093258,492903000,16.11044611930847,17.269241313934327,45.269420653288435,-0.7251183476390644,-0.7115034120938875,0.046994575158553833,-0.06835253068615255
2022-07-08,15.776498794555664,15.974726402731946,15.329241976596508,15.37008313178978,467972000,15.970491647720337,17.210549488067628,51.92213888237082,-0.6646025292827922,-0.7021232355316684,-0.001261923581234606,-0.050579931548398016
2022-07-11,15.093160629272461,15.466704390913305,14.97960300654342,15.465707871427929,437321000,15.826253938674927,17.145620365142822,44.461326848159466,-0.6641273397181848,-0.6945240563689719,-0.04427971190792657,-0.06549750839793833
2022-07-12,15.02343463897705,15.371079409038126,14.819230753552452,15.20871225038852,458483000,15.732021522521972,17.052068672180177,37.54199642665685,-0.6617488247299583,-0.6879690100411692,-0.0046304115226535525,0.04839008417158097
2022-07-13,15.105116844177246,15.31529795939853,14.408831695585608,14.533346313141694,521918000,15.707965421676636,16.984749584198,39.746219067617076,-0.6458280592989407,-0.6795408198927235,0.005422259040448646,0.138358456038719
2022-07-14,15.312307357788086,15.412914988487683,14.67080807841094,15.049332580525368,456235000,15.684855461120605,16.901934909820557,42.777292641555384,-0.6094666430259217,-0.6655259845193632,0.013623357237639657,-0.12584927134147506
2022-07-15,15.700791358947754,15.72071319877249,15.385021980477374,15.598191651418741,385935000,15.646754026412964,16.82551567077637,37.35629133900894,-0.5430426883830322,-0.6410293252920971,0.02505420860256325,-0.1540872576632656
2022-07-18,16.038476943969727,16.83138547101321,15.939862350377403,16.23869663998441,670517000,15.671656894683839,16.74127010345459,42.98757663418364,-0.457874726386045,-0.6043984055108867,0.021279528199649782,0.7373832381100445
2022-07-19,16.9260196685791,17.043561498221212,16.109204079525067,16.421983978769592,702366000,15.727041053771973,16.704453430175782,59.2153477550042,-0.31512861600490893,-0.5465444476096912,0.053861418968603025,0.04749916855202785
2022-07-20,17.737850189208984,17.863362252554914,16.73575812116985,16.881191075573774,760538000,15.788850116729737,16.68723945617676,69.34245518977141,-0.13493787698363136,-0.46422313348447924,0.04684872188348106,0.08282291568783218
2022-07-21,17.97990608215332,18.07354091727774,17.476867973237123,17.815547810901403,557049000,15.873021697998047,16.709225273132326,75.29307683815578,0.027084259031262548,-0.36596165498133093,0.0135540204036114,-0.267559280404135
2022-07-22,17.251747131347656,17.897229633267205,17.07045276387724,17.823517582725398,536671000,15.927509212493897,16.703800773620607,74.06199787330213,0.09562927255095488,-0.2736434694748738,-0.04134138424256621,-0.03658206010602294
2022-07-25,16.95789337158203,17.057505436276674,16.584349553933702,16.95291172337914,480748000,15.9224289894104,16.711720237731935,68.18506358281452,0.12480151287651964,-0.1939544730045951,-0.017180010257658588,-0.10420350643131449
2022-07-26,16.46879768371582,16.85329839532214,16.414010963419933,16.823414211540268,397865000,15.905694103240966,16.718920555114746,61.71314021353906,0.10721883702970914,-0.13371981099773425,-0.02926586992427326,-0.17240425337182885
2022-07-27,17.72092056274414,17.86635353894504,16.84732523587989,16.965862630194085,569776000,15.99574317932129,16.720668601989747,64.82052127201264,0.1921058153966655,-0.0685546857188543,0.07327835317767808,0.4320837469996104
2022-07-28,17.914165496826172,18.069559869258693,17.372279182649145,17.90520156953599,474646000,16.117369174957275,16.73508541107178,66.0340752694633,0.2718390175152514,-0.00047594507203315567,0.010845874096490425,-0.16696034933026316
2022-07-29,18.092470169067383,18.173155009470385,17.623298471299282,17.743828897049305,435460000,16.26698594093323,16.734883041381835,74.34117915487533,0.34543390451041844,0.06870602484445716,0.009904070538250506,-0.08255836981666331
2022-08-01,18.36939239501953,18.772820437934747,17.920143444250357,18.111397333511174,476469000,16.462125396728517,16.764897766113283,76.27093312407385,0.4212478094457168,0.1392143817647091,0.015189983786288212,0.09417397694392138
2022-08-02,18.454057693481445,18.864458441615547,18.021743015572017,18.051627201581738,489527000,16.639533710479736,16.792900924682616,76.2820435098837,0.4825995501191045,0.2078914154355882,0.004598452749598634,0.02740577036491354
2022-08-03,18.81963539123535,18.89434491533446,18.066570532098716,18.113388905855146,418146000,16.826953125,16.83678047180176,76.85737003565501,0.5543303365060375,0.2771791996496781,0.01961648500477301,-0.14581626753989052
2022-08-04,19.140380859375,19.19915175470648,18.687147876727973,18.775802954410633,409652000,16.994151163101197,16.883011589050295,76.61476793155536,0.629799048808863,0.34770316948151503,0.016899523939350486,-0.020313479024072878
2022-08-05,18.915260314941406,19.154328094688672,18.59351466678954,18.736954574661173,386068000,17.151089239120484,16.939559440612793,72.65454449324703,0.6637914261419162,0.41092082081359527,-0.011831264090656178,-0.05757081620497395
2022-08-08,17.723905563354492,18.168174706690454,17.175046511530418,17.43403710855411,981859000,17.282626485824586,16.955927391052246,55.996388881562424,0.5878222096678094,0.4463010985844381,-0.06505469520111472,1.5432281359760456
2022-08-09,17.019651412963867,17.379249624350564,16.65905763199982,17.18500716001782,668263000,17.382437324523927,16.94076202392578,44.51377809637456,0.46542352140573584,0.4501255831486977,-0.04054568323295742,-0.3193900549875287
2022-08-10,18.0267276763916,18.047646040112355,17.249755809744542,17.62927686575505,597422000,17.528517866134642,16.9266166305542,50.32023535759441,0.4445597094920153,0.4490124084173613,0.05748688556504698,-0.10600766464700273
2022-08-11,17.872323989868164,18.634354502788938,17.806580307573075,18.06059111186056,509327000,17.656518697738647,16.912151947021485,54.60591229937319,0.4108301073925915,0.4413759482124074,-0.008602156963727934,-0.1474585803669768
2022-08-12,18.6363468170166,18.645312642416616,17.883282081436935,18.089478966160975,478094000,17.80329647064209,16.919978904724122,61.64474922171435,0.4406696462907256,0.44123468782807107,0.041860433325723624,-0.061322097591527625
2022-08-15,18.958097457885742,19.0895848654129,18.54072573092658,18.62838336929725,457666000,17.949277496337892,16.90890495300293,67.6807757751791,0.4846930438866188,0.4499263590397806,0.017117342905672135,-0.042727999096412006
2022-08-16,18.805686950683594,19.067666130006987,18.42915457848667,18.846528100303107,451240000,18.043260860443116,16.912151336669922,59.13125514980763,0.5015026392189981,0.4602416150756241,-0.008071825274170753,-0.014040807051430515
2022-08-17,18.263803482055664,18.61543340601533,18.074542628314358,18.451075096193428,446799000,18.069558525085448,16.903245429992676,52.77998265686093,0.4657302490137134,0.461339341863242,-0.029238172152382315,-0.009841769346689122
2022-08-18,18.70009994506836,18.79174174116326,18.112390926823224,18.229932730472253,415447000,18.105568218231202,16.900276985168457,54.64088644073278,0.467200256597323,0.4625115248100582,0.023607719185119162,-0.07017025552877243
2022-08-19,17.77968978881836,18.448083694133654,17.70099608999701,18.334526059114626,441588000,18.131965351104736,16.884359016418458,45.899131370410146,0.38960472008480096,0.4479301638650068,-0.05047208576683341,0.06292258699665654
2022-08-22,16.967853546142578,17.489818903609883,16.900116815044345,17.42208217251165,409593000,18.132463359832762,16.864157791137696,40.61401207411567,0.25960869097880135,0.41026586928776576,-0.046736196690070377,-0.07245441452213375
2022-08-23,17.114282608032227,17.397180176245477,16.904101521089547,16.923028743581053,369986000,18.164737606048583,16.86828178405762,38.923395291238826,0.16648239743135207,0.36150917491648304,0.008592769079981563,-0.09669842990480793
2022-08-24,17.155122756958008,17.338408253803493,16.829392914726995,16.94593725189229,522661000,18.136447715759278,16.899659461975098,36.618803537474776,0.0948808699517194,0.30818351392353033,0.00238347691330417,0.4126507489472575
2022-08-25,17.84343719482422,17.877305555233242,16.767631316738164,16.77858828041363,770691000,18.13291130065918,16.94103807449341,43.20019883535146,0.09260981788204958,0.26506877471523416,0.03933894442640318,0.47455233889653137
2022-08-26,16.196861267089844,17.85439937298572,16.17394986366487,17.78766010205869,769127000,18.038130855560304,16.935718898773192,40.8412189362461,-0.041575665215521695,0.203739886729083,-0.09681830194358995,-0.0020293476892814244
2022-08-29,15.739642143249512,16.27455660052828,15.705774724802128,15.957792548703463,496132000,17.9066433429718,16.939703350067138,42.08842214070201,-0.18270626538219048,0.1264506563068283,-0.028634967289474022,-0.35494138159237676
2022-08-30,15.407937049865723,15.976718964475275,15.123047357717592,15.898026205963157,530181000,17.754337310791016,16.931495361328125,32.33911460212535,-0.3176573554079738,0.037629053963867884,-0.021299737733311543,0.06862891327308063
2022-08-31,15.035386085510254,15.479654254742409,14.900910096286847,15.324259904969264,573710000,17.565124845504762,16.902169704437256,31.414787649964282,-0.44948740480230853,-0.059794237789367405,-0.024476274271860915,0.08210215002046461
2022-09-01,13.882880210876465,14.32415979672276,13.218470483091595,14.153823343963365,1178865000,17.302249813079833,16.853897819519045,20.367611641998437,-0.6395884830187768,-0.17575308683524932,-0.07975005368679718,1.054809921388855
2022-09-02,13.594006538391113,14.115970968690647,13.538223289757255,14.045247525726571,743157000,17.03618712425232,16.802538013458253,16.423442152688878,-0.8042833702183287,-0.3014591435118652,-0.021027441639493067,-0.3695995724701302
2022-09-06,13.412713050842285,13.725493859595561,13.299155414870102,13.67767991813969,535751000,16.82062749862671,16.72960231781006,16.364271179867615,-0.9386143620997291,-0.428890187229438,-0.013426007570960304,-0.27908772977984464
2022-09-07,13.664806365966797,13.788362113873305,13.298126385508025,13.514347994091015,512657000,16.652885246276856,16.666828536987303,20.24051724648642,-1.0130529731980165,-0.5457227444231537,0.018620656878066067,-0.04310584581270027
2022-09-08,13.93981647491455,13.95775250797317,13.321044715093802,13.410721079373277,624873000,16.448539686203002,16.62722608566284,18.540187040055997,-1.0378909307726616,-0.6441563816930553,0.019925590680393138,0.21889099339324347
2022-09-09,14.3353910446167,14.422078851833046,14.075327622967663,14.106215606366773,486612000,16.27169303894043,16.604300994873046,25.54050698938633,-1.0139672460384066,-0.7181185545621256,0.027982138085772622,-0.2212625605523042
2022-09-12,14.452967643737793,14.49481679850031,14.147068757337559,14.317455823482035,484159000,16.06252408027649,16.591357650756837,30.187022913954678,-0.9742891062621553,-0.7693526649021316,0.008168388767439543,-0.00504097720565877
2022-09-13,13.083895683288574,13.87205855128794,13.052010885075777,13.752489132610048,714956000,15.768813991546631,16.563703498840333,23.376419495452055,-1.041312952498794,-0.8237447224214641,-0.09951762994250458,0.4766967050080655
2022-09-14,13.080907821655273,13.242326402784114,12.866678912295647,13.206455290226598,588507000,15.482575035095214,16.527203826904298,22.951640050468555,-1.0821960466036735,-0.875434987257906,-0.00022838785284390195,-0.1768626321060317
2022-09-15,12.882619857788086,13.185529223484204,12.744118551602249,12.968311791958639,523625000,15.213515853881836,16.48343128204346,14.773559918335351,-1.1177120855800506,-0.923890406922335,-0.015274643845977107,-0.11024847622882994
2022-09-16,13.150656700134277,13.16460641916656,12.571740509534544,12.696292115324688,670751000,14.936043691635131,16.430516014099123,23.10331174700393,-1.1114187260087984,-0.9613960707396279,0.02059259145059981,0.2809758892337073
2022-09-19,13.33399772644043,13.414707500219304,12.963332376962292,12.96532505837295,569685000,14.713759088516236,16.381665992736817,27.679672591675228,-1.079196795744691,-0.9849562157406406,0.013845297136847616,-0.1506758841954764
2022-09-20,13.128734588623047,13.434633475375263,13.010161983326146,13.167595196842449,524818000,14.521803140640259,16.34237747192383,28.34473551298572,-1.0580274221073065,-0.9995704570139738,-0.015513685598011171,-0.07875755900190451
2022-09-21,13.21342945098877,13.980667741595738,13.062971099601787,13.165602253694058,807679000,14.326760482788085,16.30617736816406,31.68744720832443,-1.0226281526345122,-1.0041819961380816,0.006430386970612739,0.5389696999721809
2022-09-22,12.51594066619873,13.101831671038127,12.383418345633107,13.0231145909362,759162000,14.094801378250121,16.254393844604493,34.87762964488479,-1.0388799311489443,-1.011121583140254,-0.05423060990070132,-0.06006965638576711
2022-09-23,12.471102714538574,12.565762199000392,12.213031967666868,12.375447364597502,663309000,13.82618465423584,16.1975697517395,36.86833741965646,-1.0433505351756018,-1.0175673735473236,-0.0035888999833840964,-0.1262615884356698
2022-09-26,12.184137344360352,12.613592036444986,12.170187623758139,12.44619443896498,547343000,13.625548458099365,16.127236671447754,35.979101677756006,-1.0578549349807833,-1.0256248858340156,-0.023279297128515775,-0.17482952892241777
2022-09-27,12.3684720993042,12.690313385658438,12.214028382542947,12.462134764959494,553854000,13.456989955902099,16.053836574554442,34.973423630273956,-1.042458687311477,-1.0289916461295079,0.015015774099576391,0.0118956486152193
2022-09-28,12.690312385559082,12.777000185243523,12.309682759242014,12.365481627957845,542414000,13.321108722686768,15.969122428894043,35.67181702619449,-0.9928423600367164,-1.0217617889109496,0.02568823594764534,-0.02065526293933062
2022-09-29,12.176163673400879,12.455158968218063,11.903146421572972,12.403345461298121,532763000,13.1781476020813,15.85788869857788,25.89543318111882,-0.9836694383835081,-1.0141433188054614,-0.04135865476925747,-0.01779268234226994
2022-09-30,12.095455169677734,12.587683536419725,12.031684619918396,12.043641657389104,565638000,13.088776350021362,15.740199680328368,23.463437433646007,-0.9717110534720597,-1.0056568657387812,-0.006650467091969437,0.061706612508751535
2022-10-03,12.467117309570312,12.632522202880898,12.061576751367282,12.3027092319889,547478000,13.032431888580323,15.644507083892822,41.047165180431584,-0.9216200563736869,-0.9888495038657624,0.030264786692148698,-0.03210533945739147
2022-10-04,13.119767189025879,13.172577516081788,12.832800195456576,12.832800195456576,584182000,13.017784595489502,15.5677445602417,50.47455908177296,-0.8198089422645598,-0.9550413915455219,0.051025475694066826,0.06704196333003343
2022-10-05,13.161619186401367,13.273217908111713,12.575728985745947,12.864688722879771,507131000,12.99262523651123,15.50160099029541,53.542556891222034,-0.7273612269495136,-0.9095053586263202,0.003184918189283159,-0.13189553940381593
2022-10-06,13.08289909362793,13.607012205791838,13.05599552454441,13.172576390235374,644157000,12.949779367446899,15.408840560913086,49.096205536311935,-0.6529213294515657,-0.8581885527913693,-0.005998992095361916,0.2701984299914617
2022-10-07,12.032681465148926,12.624550545260242,11.978875271525471,12.460142467451544,672478000,12.834643888473511,15.291210880279541,35.90240560081544,-0.6709368179634456,-0.8207382058257846,-0.08367956138144689,0.04396598965780085
2022-10-10,11.628137588500977,12.080508526082841,11.367077348214593,11.993820717893747,698699000,12.69340238571167,15.161924228668212,34.4163919008696,-0.7096768197157406,-0.7985259286037758,-0.034198588189046635,0.038991610134457844
2022-10-11,11.54443645477295,11.803503000283222,11.24252299812315,11.51952557041893,667482000,12.616429424285888,15.025425109863281,32.664031698860825,-0.7386182013322742,-0.7865443831494756,-0.007224186453667124,-0.04467875293939161
2022-10-12,11.458746910095215,11.692903570079896,11.304303196073544,11.537463990629318,492590000,12.535321378707886,14.885518894195556,37.41996676336853,-0.7597114047231397,-0.7811777874642084,-0.007450268050182524,-0.2620175525332519
2022-10-13,11.917096138000488,12.034672869060671,10.774210439470531,10.931643641216205,850103000,12.487045192718506,14.747468109130859,43.99826017960236,-0.7310162677779779,-0.7711454835269623,0.03922065873578647,0.7257820905824317
2022-10-14,11.186726570129395,12.067555297007958,11.163809311742797,12.013749105457423,713432000,12.388848686218262,14.588395023345948,40.1417997433511,-0.7584667525909676,-0.7686097373397635,-0.06324607156009132,-0.1607699302319836
2022-10-17,11.845352172851562,11.9051373451852,11.47568377061992,11.476679635844517,580774000,12.314416408538818,14.44699686050415,45.272794743334586,-0.7187901128103036,-0.7586458124338715,0.05720762112690502,-0.18594343959900872
2022-10-18,11.924072265625,12.44718861782601,11.576324213052954,12.299719755620746,659362000,12.254183292388916,14.33100019454956,42.75759732017192,-0.6732334205351478,-0.7415633340541268,0.006623667374361615,0.13531597488868297
2022-10-19,12.007770538330078,12.305698708951443,11.791548948755544,11.83638760168255,523131000,12.193900346755981,14.230762577056884,48.26738478162276,-0.623191894342698,-0.717889046111841,0.006994748765969279,-0.2066103293790058
2022-10-20,12.150259971618652,12.723197238005833,12.061578518105204,12.069550194346302,652398000,12.175616312026978,14.113233222961426,50.55681354638111,-0.5655169900339363,-0.6874146348962601,0.011796581316558648,0.24710254219306438
2022-10-21,12.421280860900879,12.453166608425773,11.844358361540095,12.054600941010673,609494000,12.173125219345092,14.00421236038208,49.524582007452295,-0.492265561130953,-0.6483848201431986,0.022060633686235016,-0.0657635369820263
2022-10-24,12.553805351257324,12.664407237339118,12.020724633774568,12.463132178101741,517457000,12.19160861968994,13.882561531066894,43.41984696936903,-0.4186932223194848,-0.602446500578456,0.010612634772045054,-0.15100558824205002
2022-10-25,13.21342945098877,13.252290058434822,12.618570904437151,12.648463971781274,505482000,12.23385648727417,13.767668170928955,50.52670971970282,-0.30366005749067604,-0.5426892119609,0.05120986020304296,-0.02314201953012518
2022-10-26,12.849739074707031,13.339973788252896,12.662413746395243,12.822836454280946,532953000,12.241827821731567,13.648549213409424,47.759483198185926,-0.23908618278413307,-0.48196860612554665,-0.027910189395212795,0.05434614882429045
2022-10-27,13.128734588623047,13.788360510627266,13.07492839668743,13.581106467465899,583113000,12.289456367492676,13.545847835540771,62.365102737419505,-0.1635134344505591,-0.41827757179054914,0.02147980242460026,0.09411711726925254
2022-10-28,13.78437614440918,13.800319496329138,13.014149183187982,13.056995159747698,521040000,12.373902416229248,13.447533359527588,73.02129177775225,-0.05013872478803272,-0.3446498023900459,0.04873247924396684,-0.1064510652309244
2022-10-31,13.448583602905273,13.788360930226967,13.24930122851385,13.728575742782882,486341000,12.422975730895995,13.360911235809326,69.29136718799064,0.012472126762503422,-0.2732254165595361,-0.024661995165011295,-0.06659565484415786
2022-11-01,13.494417190551758,13.8750468051688,13.470503118907711,13.761455439986173,432817000,12.44170823097229,13.291442508697509,70.79176953513938,0.06504032084639988,-0.2055722690783489,0.0034022663035745406,-0.11005446795561136
2022-11-02,13.17158031463623,14.159025547914593,13.16360959020308,13.800317291584546,672628000,12.442206287384034,13.21258846282959,63.17773434917266,0.07973165863572085,-0.14851148353553498,-0.02421455639707028,0.5540701959488652
2022-11-03,13.372855186462402,13.731564388380816,12.909524051073214,12.99621185480263,500065000,12.456704092025756,13.136943111419678,75.8360717375496,0.10638945826151591,-0.0975312951761248,0.015165417957526784,-0.2565504260899041
2022-11-04,14.105219841003418,14.177957930344933,13.647865776966073,13.93582958769378,612576000,12.560331010818482,13.062178764343262,76.25001578561518,0.18448503487460677,-0.041128029165978484,0.053318010333675794,0.22499275094237747
2022-11-07,14.2496976852417,14.360299555911872,13.903943306481167,14.176959603652595,410061000,12.691409015655518,13.023235492706299,76.60737296115377,0.255093932503593,0.01811636316793582,0.010190761052796322,-0.3305957138379564
2022-11-08,14.549619674682617,14.837582527688992,14.165003709961418,14.747905225291545,595292000,12.841668176651002,12.99943504333496,77.7101862606518,0.3314326413990418,0.08077961881415703,0.020829162659936905,0.4517157203440463
2022-11-09,13.726581573486328,14.160021522270355,13.709642359692431,14.111196561878556,454414000,12.955059909820557,12.965807933807373,64.96402516871152,0.3218096999379476,0.12898563503891516,-0.058230640281120086,-0.2366536086492007
2022-11-10,15.693501472473145,15.716418731024099,14.49481681539553,14.746909510215898,700819000,13.14388017654419,12.97897024154663,73.49741849523254,0.4675083024168032,0.19669016851449278,0.13391249391773657,0.5422478180689856
2022-11-11,16.268430709838867,16.330208574296904,15.426462616385566,15.750296571579392,655487000,13.397965383529662,13.02668125152588,75.0807173103425,0.6221952001896192,0.2817911748495181,0.035979755872795074,-0.06468431934636476
2022-11-14,16.23654556274414,16.480667518589406,15.864883468839679,16.159822116780518,527852000,13.617525053024291,13.07953203201294,72.30225398634074,0.7337545505261236,0.3721838499848392,-0.0019618631346939083,-0.19471782049071906
2022-11-15,16.606216430664062,16.93702431634431,16.323234794348377,16.66201530534491,545876000,13.851632261276245,13.143402099609375,77.68800447399742,0.8422861386805192,0.4662043077239752,0.022512508582379423,0.03414593484537343
2022-11-16,15.852928161621094,16.303306431643236,15.816061182952085,16.1040250035794,649547000,14.043890142440796,13.187164535522461,68.76715572331355,0.8576279354170797,0.5444890332625961,-0.04642288371720278,0.18991675765192095
2022-11-17,15.620760917663574,16.207648658807763,15.479270125902909,15.658624704205337,710894000,14.217415189743042,13.22078342437744,63.43486238327281,0.8413538600041903,0.603861998610915,-0.014753367774603317,0.09444582147250324
2022-11-18,15.35372543334961,15.944598642065296,15.065761621009438,15.90872657967121,492072000,14.364037418365479,13.2411501121521,64.0795304168478,0.7977134618863744,0.642632291266007,-0.01724271371656017,-0.30781241647840607
2022-11-21,15.262055397033691,15.421481294578124,15.025905097362354,15.092665143329405,404739000,14.499449920654296,13.257331867218017,62.97543317295206,0.7471188056277143,0.6635295941383484,-0.005988435230485285,-0.1774801248597766
2022-11-22,15.980470657348633,16.00039937204481,15.067756049737582,15.273017439942477,472866000,14.63780198097229,13.315263366699218,69.48707773262112,0.7562744227079872,0.6820785598522762,0.045997684207774114,0.16832328982381228
2022-11-23,16.459745407104492,16.467718033836586,15.99043611685495,16.040256006522444,427241000,14.818302297592163,13.382840118408204,70.62034721117114,0.7930618586037355,0.7042752196025681,0.029550334955379776,-0.09648610811519542
2022-11-25,16.211639404296875,16.42786007515215,16.113991359394493,16.259467561128588,167934000,14.972447538375855,13.44942050933838,65.04413440857358,0.7930542499379296,0.7220310256696404,-0.015188261759582515,-0.606933791466643
2022-11-28,15.770225524902344,16.29832500895063,15.668592130839407,15.968511085101463,303741000,15.071740007400512,13.50181188583374,60.41780495126193,0.7487981302630153,0.7273844465883154,-0.027605764246353425,0.808692700703848
2022-11-29,15.582900047302246,15.874849224323373,15.46432743853725,15.770225383983295,298384000,15.178455829620361,13.546789932250977,57.190398670589246,0.6906478772588649,0.7200371327224253,-0.011949539525416747,-0.017636736561741695
2022-11-30,16.866607666015625,16.873584309435355,15.54502609510109,15.644692293883454,565298000,15.347065353393555,13.621547393798828,70.53429546331068,0.7396219577112824,0.7239540977201967,0.07916162732803453,0.8945318783848999
2022-12-01,17.07790184020996,17.20746780911725,16.57956797350174,16.942355347832123,470977000,15.542381429672242,13.698836841583251,61.751759344786244,0.7864185992241346,0.7364469980209843,0.012449548178675407,-0.1668518197481682
2022-12-02,16.819765090942383,16.876576265200864,16.390201516412013,16.603489123219873,371389000,15.71472692489624,13.784913330078124,54.946130506471114,0.7935284939239793,0.7478632972015834,-0.015230649344021102,-0.21144981602073987
2022-12-05,16.55465316772461,16.9383705081479,16.41711252133541,16.62342349091921,352255000,15.8371985912323,13.866584339141845,52.73918156316312,0.7689073349970954,0.7520721047606859,-0.015887467915339903,-0.05152010425726128
2022-12-06,15.933728218078613,16.51777502605684,15.766287810992363,16.474919041618143,352694000,15.921400117874146,13.941576156616211,44.449468124044515,0.6913223018490324,0.7399221441783552,-0.038229086392579166,0.0012462562632185037
2022-12-07,16.066286087036133,16.132066147916248,15.614794545863099,15.719445161170468,372388000,15.997233438491822,14.01553243637085,51.962041346678696,0.6332324072840692,0.7185841967994981,0.008284910495407147,0.0558387724202849
2022-12-08,17.111787796020508,17.121754700808335,15.905818930591325,16.218773657752436,515456000,16.16649374961853,14.103961944580078,61.92730686552034,0.6639059036289723,0.707648538165393,0.06304452623712618,0.38419068283618163
2022-12-09,16.94434928894043,17.5244106979877,16.918436852955416,17.102819869864998,465338000,16.229036140441895,14.199325656890869,62.93005341053425,0.6670150480223942,0.6995218401367932,-0.009833167855330338,-0.09723041345915073
2022-12-12,17.4765682220459,17.47955848372448,16.741028482869503,16.9802285062354,457328000,16.289443016052246,14.306947917938233,66.79843040980448,0.7043058874612935,0.7004786496016933,0.03092662202219363,-0.01721329442254882
2022-12-13,18.01177978515625,18.72738762856205,17.651982672461422,18.469249909930564,656589000,16.37820472717285,14.417841167449952,65.84923603060342,0.7681910186947469,0.7140211234203041,0.03016495137426333,0.43570697617464926
2022-12-14,17.61510467529297,18.191179623464766,17.36195136904166,17.927061390913362,496888000,16.428649139404296,14.507747917175292,59.13237321002072,0.777845559829359,0.7267860107021151,-0.022269222186441038,-0.24322825999217168
2022-12-15,16.895509719848633,17.262283446585172,16.64435056625301,17.088863487866476,478542000,16.480778217315674,14.582425727844239,55.03059367585716,0.7191417359554535,0.7252571557527828,-0.04170886459589507,-0.03692180129123668
2022-12-16,16.515777587890625,16.984212566313406,16.355314807354187,16.80780235933555,478232000,16.525529050827025,14.651083297729492,55.5345529387711,0.6346613422119489,0.7071379930446161,-0.022731748105157632,-0.0006478010289587832
2022-12-19,16.1998348236084,16.553651364106894,16.09119880078537,16.51677591008969,354039000,16.567834520339964,14.734426364898681,54.49395670177203,0.5360369802512288,0.6729177904859387,-0.01931509535697616,-0.25969194867762924
2022-12-20,16.031396865844727,16.255647448102433,15.799174471467346,16.01046693823351,403260000,16.60630159378052,14.822491550445557,42.73575521828683,0.4392218512552546,0.626178602639802,-0.010451942561440074,0.13902705634125057
2022-12-21,16.44601058959961,16.571592053600934,16.04834007241244,16.060301117075653,325025000,16.629578590393066,14.92052303314209,44.69186192204483,0.39143876403651845,0.5792306349191453,0.02553382689836283,-0.1940063482616674
2022-12-22,15.287886619567871,16.084224902594713,14.832409670787916,16.040370897342594,565045000,16.570985651016237,14.997105827331543,38.82180947268402,0.2571550740017976,0.5148155227356758,-0.07302213984172218,0.7384662718252442
2022-12-23,15.155329704284668,15.287885933378956,14.833406075775102,15.145362798947778,349326000,16.518170166015626,15.061870498657226,39.58764048340469,0.1384421717696469,0.43954085254247,-0.008708524855855767,-0.38177313311329186
2022-12-27,14.073945045471191,15.049682826445732,14.009161111934528,15.023769443130346,464902000,16.43335614204407,15.119614868164062,37.048847048772664,-0.042408504149719306,0.34315098120403215,-0.0740270468998535,0.3308542736584166
2022-12-28,13.989227294921875,14.2144740150627,13.837733387289415,13.880590316474528,351066000,16.35367250442505,15.162492370605468,35.438762485288024,-0.19037545251612364,0.23644569446000102,-0.006037664372058747,-0.24486020709740974
2022-12-29,14.554337501525879,14.634070838145426,14.17959100951328,14.354008039804668,354923000,16.23805899620056,15.215097675323486,30.776135773042526,-0.2590544360083875,0.1373456683663233,0.039601504781795506,0.010986538143824776
2022-12-30,14.565303802490234,14.580253211433105,14.18557284700013,14.286236129267657,310490000,16.112429094314574,15.266248340606689,31.68637114982934,-0.3090357644680388,0.04806938179945088,0.000753189324572374,-0.12519053428490123
2023-01-03,14.26729679107666,14.946028158359788,14.04902671566482,14.801510894902007,401277000,15.984805679321289,15.30858907699585,24.37124279136107,-0.36844578893559365,-0.03523365234755803,-0.020672268043489973,0.2923991110824826
2023-01-04,14.699853897094727,14.803507446014843,14.1935472009812,14.518461136981063,431324000,15.892065715789794,15.354160537719727,23.110590172281476,-0.3762873120248482,-0.10344438428301608,0.02986757421903776,0.07487845054662978
2023-01-05,14.217466354370117,14.515469810414057,14.100855645137985,14.442713107430109,389168000,15.80625262260437,15.387433757781983,22.7933539907457,-0.4166238385141252,-0.1660802751292379,-0.033366321060234426,-0.09773627250048689
2023-01-06,14.80948543548584,14.959982279736408,13.987234779976571,14.42576814608272,405044000,15.743412590026855,15.419354877471925,32.94772497826909,-0.3962520868310886,-0.21211463746960807,0.040796649577555716,0.04079472104592363
2023-01-09,15.57592487335205,16.00249819636459,15.09054718354253,15.233071281819589,504231000,15.666619443893433,15.473878593444825,42.77399277653708,-0.3146351514452945,-0.23261874026474538,0.050458561547673045,0.24487956863945648
2023-01-10,15.855986595153809,15.908809480593666,15.42044254309106,15.455325759984621,384101000,15.612201309204101,15.52842363357544,47.34167430627514,-0.2247635672648851,-0.23104770566477334,0.017820687348538252,-0.23824397944592857
2023-01-11,15.94767951965332,15.97458997371224,15.511139335336974,15.787216717511937,353285000,15.535756874084473,15.571689701080322,49.34500012684541,-0.14447541397525931,-0.21373324732687055,0.0057662018100164015,-0.08022889812835687
2023-01-12,16.45598030090332,16.58155988533878,15.44037584745414,16.046350570153667,551409000,15.457966899871826,15.631837635040283,50.076875470268455,-0.03937693623865535,-0.17886198510922752,0.03137562128738747,0.5608050157804605
2023-01-13,16.842683792114258,16.865607858764474,16.111130612182066,16.22375300248187,447287000,15.41934585571289,15.698802967071533,63.60776340203475,0.07426205771128025,-0.12823717654512595,0.023227410921075425,-0.18882898175401563
2023-01-17,17.64301109313965,17.668925426357585,16.842687440869174,16.842687440869174,511102000,15.456720924377441,15.788231582641602,69.49387224478198,0.22629293957480634,-0.05733115332113949,0.046423366707428866,0.14267126028701926
2023-01-18,17.319093704223633,17.813439222153065,17.224409065517293,17.608126319924487,439624000,15.496886730194092,15.867156352996826,78.85495816826685,0.31698705314894227,0.017532487972876862,-0.018530157682363487,-0.13985075386126444
2023-01-19,16.70913314819336,17.139694698743703,16.675247952454153,16.979229999863364,452932000,15.52235164642334,15.919234619140624,72.11862726880445,0.3357734846345384,0.08118068730520916,-0.03585411018774373,0.03027132276672795
2023-01-20,17.77955436706543,17.79649791430325,16.768933461540048,16.954312559037017,564967000,15.609759521484374,15.9898317527771,74.23604069098714,0.43205544716564503,0.15135563927729634,0.062093701020569304,0.24735501134828186
2023-01-23,19.129043579101562,19.180870344101777,17.75862551866824,18.00380415598392,655163000,15.743911170959473,16.08142023086548,78.55090818968469,0.6102178854687885,0.24312808851559478,0.07315862028522142,0.15964826264188892
2023-01-24,19.200801849365234,19.430036855773828,18.75728504510627,18.764261688305943,496204000,15.93955693244934,16.190904636383056,81.76334127812642,0.7485740978872322,0.3442172903899223,0.0037442548121842507,-0.2426251177187967
2023-01-25,19.25861358642578,19.30545785930098,18.518089313986763,18.84997990374146,449537000,16.144721126556398,16.26220687866211,80.8387255768464,0.8530538433607866,0.4459846009840952,0.003006378539498841,-0.09404801251098338
2023-01-26,19.736013412475586,20.0988007667648,19.213759381728458,19.635350144248754,489535000,16.427824544906617,16.331558532714844,87.35662547933532,0.9632729594895011,0.5494422726851764,0.02448663913229231,0.08897599085281072
2023-01-27,20.297138214111328,20.559262315315294,19.34033810009434,19.39714737022937,542142000,16.74322009086609,16.41277038574219,87.30352061954918,1.0834115906668202,0.6562361362815052,0.028034842614309097,0.10746320487809857
2023-01-30,19.0981502532959,20.072890161486782,19.086189204794305,19.883524636147044,488611000,16.97041072845459,16.462609062194826,72.613281592013,1.069544964764436,0.7388979019780915,-0.060888416449969625,-0.09873981355438244
2023-01-31,19.471895217895508,19.621394975107712,18.886851453283832,19.106117637128893,498017000,17.215740299224855,16.534988403320312,72.93880730096282,1.0763066656948546,0.8063796547214441,0.019380670077041594,0.019250487606705446
2023-02-01,20.87321662902832,21.121385582722432,19.545654255705372,19.625387611698173,660477000,17.546036291122437,16.640037517547608,76.79465235847725,1.1811250149962902,0.8813287267764134,0.06949468108010572,0.32621376378718003
2023-02-02,21.636659622192383,21.875859651889073,20.631022997012753,20.9300225588854,564276000,17.89287657737732,16.765696201324463,77.4214156490276,1.3106889745589783,0.9672007763329264,0.03592224465409152,-0.1456538229188904
2023-02-03,21.029687881469727,21.67253897459517,20.719723419819307,20.93002073586232,429366000,18.2334876537323,16.881048851013183,71.6568892158124,1.3488431746765528,1.0435292560016518,-0.02845393277724934,-0.2390851285541118
2023-02-06,21.018722534179688,21.498118619101376,20.71673086922874,20.736664676346177,452197000,18.54394950866699,16.981813888549805,69.0131279420558,1.3624899057577657,1.1073213859528745,-0.0005215582434729108,0.053173749202312326
2023-02-07,22.0991153717041,22.184829243176587,21.07952350178786,21.31075078020512,664150000,18.870109033584594,17.094601287841797,74.808617584018,1.4438400222107184,1.1746251132044434,0.050123989516763286,0.4687182798647491
2023-02-08,22.13100814819336,22.801765903840348,21.934664092168923,22.31240089472821,559651000,19.183860111236573,17.212988662719727,79.93617265062109,1.4936660041976637,1.2384332914030876,0.0014421294574181029,-0.15734246781600547
2023-02-09,22.26256561279297,22.943290193315832,22.046289671543487,22.530670219439532,523876000,19.499604415893554,17.342835464477538,77.61542335191994,1.5261762322273178,1.2959818795679336,0.005926887094971708,-0.06392376677608014
2023-02-10,21.194137573242188,22.00442812205311,20.74165187678693,21.6177224771655,550737000,19.7365122795105,17.455060214996337,63.17730129087662,1.449024160067271,1.3265903356678013,-0.049181981972690254,0.0512735838251801
2023-02-13,21.715394973754883,21.974528792175906,20.892147277807663,21.466228060003054,474919000,19.98014783859253,17.552035961151123,65.1750288854465,1.413646070979162,1.3440014827300735,0.024296840931293754,-0.1376664360665799
2023-02-14,22.894453048706055,22.972192242637163,21.294800040276197,21.506093473695493,675474000,20.24271993637085,17.668366985321043,69.3261139731847,1.463874182989091,1.3679760227818771,0.05287320146779657,0.4222930647120877
2023-02-15,22.688142776489258,22.778839139042542,22.032336407803555,22.47385907538401,420575000,20.511172389984132,17.78573453903198,66.15753683494063,1.4700865660338316,1.388398131432268,-0.009052212901843137,-0.3773631553546103
2023-02-16,21.928688049316406,22.474860494775402,21.853937196052712,22.05925016093341,412026000,20.772150135040285,17.893215236663817,58.740021644632414,1.3976174113681026,1.390241987419435,-0.03404670720215059,-0.020326933365035993
2023-02-17,21.316734313964844,21.66756071286323,20.905110349706753,21.558924652966695,465888000,20.949009132385253,18.000875358581542,62.682331196382236,1.2760954974980407,1.3674126894351561,-0.028303323369601913,0.13072476008795553
2023-02-21,20.586170196533203,21.422373121018033,20.54929284097226,20.9300198380873,410015000,21.021865463256837,18.091273040771483,56.11998844306796,1.1080650029329533,1.3155431521347156,-0.03487291214149308,-0.11992796551960982
2023-02-22,20.684839248657227,21.03367329167558,20.352948752679065,20.637996890010594,513184000,21.096067333221434,18.162734069824218,48.79259488186589,0.9716606936518808,1.2467666604381489,0.004781527829808489,0.25162250161579447
2023-02-23,23.585147857666016,23.80840238655534,22.94827715434689,23.361895229769775,1117995000,21.312394046783446,18.29555004119873,59.80343403142376,1.0850818139520015,1.2144296911409194,0.13121615737015743,1.178546096526782
2023-02-24,23.208402633666992,23.39577778263142,22.870533495406775,23.147606985640458,589716000,21.48601350784302,18.410186729431153,61.221745079531495,1.131525160261841,1.1978487849651038,-0.016102790270870172,-0.4725235801591241
2023-02-27,23.422683715820312,23.80042043107323,23.375841359560795,23.59112115652379,452994000,21.642290782928466,18.518404808044433,62.12789772123679,1.1721111713571446,1.192701262243512,0.00919054678832539,-0.23184380277964312
2023-02-28,23.138639450073242,23.74561130134119,23.128672543867644,23.294119765093207,455963000,21.844315242767333,18.62887550354004,55.70256868277893,1.1678931341060377,1.1877396366160173,-0.012201018790227941,0.006554170695417527
2023-03-01,22.62236213684082,23.178503244860902,22.432994752211638,23.11471543588402,460026000,22.001838588714598,18.74341255187988,52.55942612486247,1.1100945655847134,1.1722106224097566,-0.022565031431860432,0.008910810745608844
2023-03-02,23.236312866210938,23.30209292749656,22.357251874394603,22.41306693029748,389415000,22.11999340057373,18.877823257446288,54.82947138835904,1.1011362630680708,1.1579957505414196,0.026777372606745193,-0.15349349819358038
2023-03-03,23.810392379760742,23.82035928556431,23.052924647625705,23.24229205590769,412393000,22.228680038452147,19.030034408569335,63.64486976070986,1.1273646053331596,1.1518695214997676,0.024405875224694343,0.05900645840555696
2023-03-06,23.475513458251953,24.167199231552658,23.408735379499408,23.81139038959998,437429000,22.35097131729126,19.17891674041748,59.36175906832942,1.1083524284081427,1.1431661028814426,-0.014164242572223292,0.060709080900985146
2023-03-07,23.214340209960938,24.04869267419401,23.167487988654617,23.525353628386604,515154000,22.46075220108032,19.314283332824708,51.885528827917064,1.0599917180942953,1.1265312259240132,-0.011187697193386399,0.1776859787531233
2023-03-08,24.104515075683594,24.12345598243845,23.34990950267541,23.412709959422333,513573000,22.561022186279295,19.49061590194702,57.725760859274466,1.0810336953921613,1.1174317198176429,0.037628970270255954,-0.003068985196659657
2023-03-09,23.36187171936035,24.376651390603612,23.309037961330453,24.09853264786072,501257000,22.622565364837648,19.654746742248534,57.83182384527655,1.0259578976664976,1.099136955387414,-0.031293890765179175,-0.02398101146283005
2023-03-10,22.892362594604492,23.55226936391661,22.654118224508185,23.334958480231546,474866000,22.654055213928224,19.8311150932312,58.746396708974785,0.9336617966454526,1.0660419236390217,-0.02030193594247122,-0.052649638808036636
2023-03-13,22.89335823059082,23.224308845911295,22.22647555282617,22.680036313439018,421890000,22.739016246795654,20.00919771194458,63.936113956148915,0.8507894400649576,1.0229914269242089,4.349111332265486e-05,-0.11155989268551547
2023-03-14,23.986888885498047,24.14239559716936,23.385795524923413,23.421682859195702,474910000,22.85259094238281,20.197848739624025,67.80542831454184,0.8633985640464559,0.9910728543486583,0.04666054974243609,0.12567256867903964
2023-03-15,24.151365280151367,24.20918048237132,23.286110812358,23.68584148519149,524486000,22.91543655395508,20.389569969177245,54.331024803444265,0.876558831536542,0.9681700497862351,0.006833527204136164,0.10439030553157447
2023-03-16,25.460214614868164,25.507064935559395,23.818422785484607,23.951003432054158,583253000,23.054040145874023,20.613428325653075,65.07466094085656,0.9812899415242882,0.9707940281338457,0.05277611074557118,0.11204684205107474
2023-03-17,25.64362907409668,26.31549691711218,25.586808261666317,25.899816121394398,848547000,23.23978719711304,20.832303829193116,64.92972579868004,1.0667927914927553,0.9899937808056277,0.007178139002239685,0.45485235395274426
2023-03-20,25.81808090209961,25.941689251957087,25.050515867118953,25.533982476387376,432747000,23.464854526519776,21.064316120147705,68.28120384311572,1.135541406192008,1.0191033058829038,0.006779895045657735,-0.4900141064667013
2023-03-21,26.116130828857422,26.308521152399816,25.300719308848564,26.097191824105813,547408000,23.741352558135986,21.290449028015136,74.56878502251071,1.2002397006841612,1.0553305848431553,0.011478106207062683,0.264960820063455
2023-03-22,26.384281158447266,27.501735683439474,26.1540109224766,26.341415997809847,797295000,24.026324653625487,21.50661615371704,73.26872094656056,1.2586422118269525,1.0959929102399149,0.01021525931930737,0.456491319089235
2023-03-23,27.10499382019043,27.412020167294642,26.60557904977676,27.029233998126443,564889000,24.20231695175171,21.731596298217774,73.83588713238541,1.3475484119573515,1.1463040105834024,0.026949562557015166,-0.2914931110818455
2023-03-24,26.69430160522461,27.081074909561163,26.271642862856908,26.945505375390617,454920000,24.37661190032959,21.9465287399292,73.03470167955736,1.3690858175670009,1.190860371980122,-0.015267865114114054,-0.19467364384861452
2023-03-27,26.44708251953125,26.91459893449874,26.28160721288135,26.752114397420495,361026000,24.527831840515137,22.14635078430176,73.18085930490575,1.350636555096834,1.2228156086034645,-0.009304269101392421,-0.20639672909522555
2023-03-28,26.326467514038086,26.42914237361527,25.768239273478084,26.363351140587802,356104000,24.68722324371338,22.336026458740236,67.90940992601898,1.3111684253148077,1.2404861719457332,-0.00457104801295421,-0.013633367125913343
2023-03-29,26.89864730834961,26.99234984404029,26.51287227864152,26.74015174035028,393694000,24.90103750228882,22.521139183044433,79.31266043176794,1.3109479832903226,1.2545785342146512,0.02150119691982787,0.10555905016512024
2023-03-30,27.29638671875,27.412020935167096,27.01627538766958,27.142874491555478,364516000,25.104041194915773,22.72068504333496,86.9398375398879,1.3275641941202814,1.2691756661957774,0.01467833939827112,-0.0741133977149766
2023-03-31,27.68914222717285,27.74596114615361,27.019266870020537,27.054156013485166,433933000,25.297978687286378,22.94028522491455,87.74521754481619,1.3567845799823814,1.2866974489530982,0.014286020184980316,0.19043608511011856
2023-04-03,27.87654685974121,27.911436002639256,27.249536675681906,27.421989811329777,398716000,25.51803035736084,23.142225074768067,85.70648662561348,1.3791657694526442,1.3051911130530076,0.00674536197505452,-0.08115769024250286
2023-04-04,27.366165161132812,27.911435879998983,27.220627051021687,27.877543026671038,368592000,25.725621604919432,23.306967506408693,77.74912010178468,1.3402696910067142,1.3122068286437492,-0.018478318759766327,-0.07555252360075848
2023-04-05,26.795976638793945,26.91260524763218,26.31151378285065,26.744141067760594,515015000,25.86019468307495,23.458871002197267,63.21501678662867,1.249036702510569,1.2995728034171132,-0.02105565137826809,0.3972495333593784
2023-04-06,26.95148277282715,26.994346033960124,26.34341159102696,26.49991459021249,397654000,26.03967523574829,23.612728385925294,63.010759380303405,1.17572887660301,1.2748040180542928,0.005786564412662627,-0.22787879964661228
2023-04-10,27.491771697998047,27.533638674959434,26.584650061202737,26.738162310061163,395279000,26.26964569091797,23.767843551635742,65.5204641126322,1.1479953218274943,1.249442278808933,0.019848433676710697,-0.005972528881892258
2023-04-11,27.08306312561035,27.702099147015957,27.040197966487828,27.63630792496598,314378000,26.479130935668945,23.903562049865723,58.78623197825102,1.0805806526610198,1.2156699535793505,-0.014978193326672714,-0.20466809519352158
2023-04-12,26.411191940307617,27.381113724034734,26.364339728341687,27.283424143204872,446259000,26.600346088409424,24.049822883605955,50.22781562774194,0.9618520206954919,1.1649063670025788,-0.02512069814224925,0.41949818371514547
2023-04-13,26.379297256469727,26.801955937603214,26.245722222126854,26.649439996093154,353615000,26.711742687225343,24.187970924377442,43.045480002515134,0.8553254308927478,1.1029901797806128,-0.001208349769209846,-0.2076014153215957
2023-04-14,26.67336654663086,26.797971184144085,26.137068080300253,26.420170212204003,395660000,26.772400283813475,24.303973922729494,49.79478742100736,0.7855756480015401,1.0395072734247983,0.01108605226759681,0.11890049913041012
2023-04-17,26.916595458984375,26.920582518277506,26.3493949209171,26.480977384169595,321471000,26.83604860305786,24.40957263946533,54.6059288797878,0.7413788293656758,0.9798815846129739,0.009077467996943808,-0.18750695041196985
2023-04-18,27.579492568969727,28.021092206518258,27.270473592429965,27.445917519730365,604812000,26.924119186401366,24.54056873321533,61.110122711836894,0.7511836118080204,0.9341419900519833,0.024329445736879524,0.8813889899866552
2023-04-19,27.842653274536133,27.911435269103396,27.145864822992923,27.274456503625604,358660000,27.010445308685302,24.677047348022462,58.855432357430026,0.7712978012105047,0.9015731522836876,0.00949666164509671,-0.40698927931324114
2023-04-20,27.018268585205078,27.941340187321615,26.914597451904964,27.58347456890567,427713000,27.042144680023192,24.77543041229248,47.58441317478357,0.7125041817790851,0.8637593581827672,-0.03005588385553324,0.19253053030725487
2023-04-21,27.03322410583496,27.097022758549475,26.637480426106034,26.866752496922075,345103000,27.03855619430542,24.873474731445313,43.90290605273404,0.6595141319411333,0.8229103129344405,0.0005533804994812471,-0.19314353316359334
2023-04-24,26.95646858215332,27.279443208222265,26.58664173033635,26.9275609756168,339282000,27.051664543151855,24.96735279083252,41.26777360140937,0.6043589328064165,0.7792000369088358,-0.002843341814766053,-0.01686742798526819
2023-04-25,26.157997131347656,27.160815601118838,26.14204889645108,26.99234953614374,378527000,27.037210273742676,25.06662998199463,39.128103519771074,0.49056316039663983,0.7214726616063967,-0.03006832875506029,0.11567073997441657
2023-04-26,26.870738983154297,27.243556588640125,26.62053343037328,26.91659491739221,406337000,27.064423847198487,25.169736862182617,50.655932645287656,0.45267336494453403,0.6677128022740242,0.026882963012899542,0.07346899956938335
2023-04-27,27.139888763427734,27.408038967439026,26.540789788475973,27.27645649073975,377161000,27.076485919952393,25.25464557647705,51.62067488880101,0.43929959468399105,0.6220301607560176,0.009966631363879685,-0.07180246937886536
2023-04-28,27.661230087280273,27.670200494580325,26.985373211032865,27.138887339013703,292216000,27.094728088378908,25.354107322692872,51.46245421034386,0.4654037880386497,0.590704886212544,0.019027241172496715,-0.22522211999650021
2023-05-01,28.818559646606445,28.966092248398787,27.69213458998084,27.751944282030347,570329000,27.151198959350587,25.49190475463867,63.26375558888218,0.572874630436111,0.5871388350572575,0.040987814808605874,0.9517377556328195
2023-05-02,28.120773315429688,28.74479468571271,27.994176100521553,28.589287963225,402730000,27.16341028213501,25.627985534667967,63.014144164367,0.5948830801928331,0.5886876840843727,-0.024511044645448416,-0.2938637172579336
2023-05-03,27.71406364440918,28.277277108700098,27.385107494737166,27.75194355869358,383387000,27.180805206298828,25.77054340362549,59.612342663240405,0.5729027969271705,0.5855307066529323,-0.014568569967724343,-0.04802969731581952
2023-05-04,27.474824905395508,27.77088451017767,27.15384285162396,27.56354220721835,321850000,27.214747619628906,25.906343116760254,55.817659478730405,0.5300683986988233,0.5744382450621105,-0.00866986974598227,-0.16050883311119057
2023-05-05,28.58928680419922,28.664048441913906,27.643289040070506,27.73798787503542,361494000,27.29663782119751,26.006425895690917,60.77850581787504,0.5793709629692323,0.5754247886435349,0.03976193298537733,0.12317539226347685
2023-05-08,29.058794021606445,29.127576016939173,28.260328904734493,28.43178384704761,344979000,27.37498893737793,26.123433723449708,59.77598846413698,0.6488493772424206,0.5901097063633121,0.01628909729569011,-0.045685405566897375
2023-05-09,28.480627059936523,28.881355931475877,28.360011403786928,28.807590591905967,314869000,27.44486713409424,26.22459259033203,54.04754309988059,0.6497681564144955,0.6020413963735487,-0.020097053825057328,-0.08728067505558312
2023-05-10,28.793638229370117,29.020917714127965,28.37097953587767,28.9132576098521,369350000,27.563989448547364,26.33769256591797,62.04517979288303,0.6680527843085216,0.6152436739605434,0.010930364072166803,0.17302751302922803
2023-05-11,28.487607955932617,28.858432976365187,28.15665923092003,28.80460292458763,322149000,27.669404983520508,26.454997482299806,59.49249753635955,0.6503525389449152,0.6222654469574178,-0.010685283773326771,-0.1277947746040341
2023-05-12,28.2503604888916,28.688969297483915,27.957289789783168,28.438761858901234,274222000,27.748254680633544,26.55527843475342,58.27170350961991,0.6101476765291878,0.6198418928717718,-0.008362965974420522,-0.14877277284734702
2023-05-15,28.86142349243164,28.87737363124707,28.062958288462617,28.417831289934213,293926000,27.845496082305907,26.656299057006837,67.70698463034523,0.6204406572376726,0.619961645744952,0.021399658011651043,0.0718541911298145
2023-05-16,29.12059783935547,29.775521221273998,28.740804336785136,28.749774743963638,449405000,27.922551345825195,26.769200744628908,65.6670656570245,0.6421092862398119,0.6243911738439241,0.008939877123976413,0.528973278988589
2023-05-17,30.082550048828125,30.103483537045584,29.33691669062859,29.490428937556633,432535000,28.034546184539796,26.90656494140625,68.68826207140486,0.7285055759716101,0.6452140542694613,0.03249951773244981,-0.03753852315839834
2023-05-18,31.577800750732422,31.727325914629347,30.22409635534029,30.313811833941568,748725000,28.262522792816164,27.056030654907225,72.13519753515213,0.9071721771843748,0.6976056788524441,0.0485090947825179,0.7310159871455488
2023-05-19,31.165109634399414,31.48011008821705,30.818210809592202,31.436248639784157,473908000,28.469117069244383,27.212095413208008,64.480780539434,1.003893759427818,0.7588632949675189,-0.013155177706345646,-0.36704664596480685
2023-05-22,31.077392578125,31.420304387689416,30.582961110509476,30.803260867315778,372000000,28.67516326904297,27.375796012878418,69.73125815601608,1.0612350201216962,0.8193376399983544,-0.002818560026576113,-0.21503751783046499
2023-05-23,30.590932846069336,31.189035411939713,30.534113929383956,30.901946256374558,356253000,28.896810054779053,27.529747505187988,68.99682963827246,1.0552607583347218,0.8665222636656279,-0.015776975268197248,-0.04233064516129037
2023-05-24,30.441408157348633,30.510190153140588,29.71172312962193,30.114444604983657,721419000,29.075343513488768,27.658837890625,69.8241180282335,1.0266264098762115,0.8985430929077447,-0.00489986080885191,1.0250187366843226
2023-05-25,37.85987091064453,39.35512649385782,36.519123854187846,38.401152701662475,1543911000,29.61134262084961,27.933008003234864,83.62255239022852,1.5842788475590872,1.0356902438380133,0.21808794410480617,1.1401030469117117
2023-05-26,38.82280731201172,39.046097794109826,37.431223153373296,37.77014783625685,714397000,30.169421482086182,28.200259857177734,84.18846886378975,2.079947007703918,1.2445415966111943,0.02511615512699642,-0.5372809702113659
2023-05-30,39.98412322998047,41.80534383299738,39.822636906417415,40.46659342474425,923401000,30.72769966125488,28.48706974029541,88.69885774703504,2.5372284940632888,1.5030789761016132,0.029474564817962352,0.2925600191490165
2023-05-31,37.71432876586914,40.1675430373075,37.70236568816468,39.36309641035941,1002580000,31.207377433776855,28.7249946975708,76.51870394887919,2.6855169549677207,1.739566571874835,-0.05844236046054308,0.08574714560629682
2023-06-01,39.64420700073242,39.92332013723305,38.21872982052202,38.367256795979486,635873000,31.80388460159302,28.9955562210083,80.24539362124263,2.925043591734159,1.9766619758467,0.049904738410789046,-0.3657633306070338
2023-06-02,39.202606201171875,40.37189627228211,38.934456059073696,39.970171105133474,482731000,32.39027366638184,29.251922721862794,79.3660193913589,3.044145666822871,2.1901587140419343,-0.011201604710219878,-0.24083739992105346
2023-06-05,39.04710388183594,39.439854864368684,38.58457081030142,38.78593155134608,396094000,32.91316452026367,29.490764923095703,77.9945426622649,3.09036339628355,2.3701996504902576,-0.00397452013238932,-0.17947262554093268
2023-06-06,38.53173828125,39.03613834073106,38.02733822176895,38.70718409484521,388729000,33.38681173324585,29.72751365661621,75.50658571248086,3.050244265799634,2.506208573552133,-0.01328643654958764,-0.018594071104333865
2023-06-07,37.36033630371094,39.378145544208294,37.241700924960675,38.795932772814304,511998000,33.83079719543457,29.945778732299804,69.50322803434922,2.890606108200295,2.5830880804817653,-0.030872657602749383,0.31710780518047277
2023-06-08,38.39216613769531,38.74508306628558,37.39024395636986,37.60857182578051,417772000,34.31072359085083,30.18709270477295,68.72646278263007,2.814903309279906,2.6294511262413933,0.027243816925154075,-0.1840358751401373
2023-06-09,38.651371002197266,39.58948978920315,38.44899302917782,38.917552324899084,427717000,34.818911743164065,30.4221471786499,70.74791749416964,2.7441906405215875,2.652399029097432,0.006728814696837544,0.02380485049261316
2023-06-12,39.36119079589844,39.40904425940009,38.49983605891858,39.08005597622932,388701000,35.37445325851441,30.66344326019287,72.19298878530232,2.714139950359211,2.664747213349788,0.018198079039801657,-0.09121919399977085
2023-06-13,40.89647674560547,40.975237387752834,39.618401830821284,40.063036270092226,613208000,35.9762059211731,30.927589950561522,76.14038109383657,2.7821385457885768,2.688225479837546,0.03826359051174694,0.5775827692750983
2023-06-14,42.865440368652344,42.86842954641151,40.42791802705582,40.69908893155934,740465000,36.66344804763794,31.227367820739747,78.85101254491796,2.9607768392507836,2.7427357517201933,0.04702199926405691,0.20752664674955312
2023-06-15,42.52248764038086,43.15654315104166,42.01803541267758,42.471645001516485,568622000,37.28544492721558,31.530494270324706,66.1270901421422,3.0396365171809805,2.802115904812351,-0.008032858517670532,-0.23207443971018216
2023-06-16,42.561370849609375,43.587221609742976,42.53046366608263,43.317050916384595,655709000,37.834623432159425,31.845802154541015,63.81399269299294,3.0698832272108376,2.8556693692920483,0.0009139973815357678,0.1531544681704191
2023-06-20,43.6739501953125,43.85539630398405,42.543421257103255,42.86643115503074,451153000,38.46006546020508,32.18025150299072,63.68319288929931,3.14734913612552,2.914005322658743,0.025804764662761687,-0.31196155611711907
2023-06-21,42.91329574584961,43.48155524685511,41.951251954396085,43.36790182544375,551603000,39.051860618591306,32.48868198394776,71.70953954452717,3.1114955857610695,2.9535033752792086,-0.017570116926593708,0.22265173898876878
2023-06-22,42.89335250854492,43.29312268887753,42.10477246580242,42.12371153008249,417737000,39.66698160171509,32.804887771606445,66.14243575388501,3.046355644627738,2.972073829148915,-0.00046484131636670667,-0.24268540961524865
2023-06-23,42.07985305786133,42.67801572091921,41.88644639488769,42.334073901022386,358140000,40.248903846740724,33.11826099395752,63.78534966306674,2.895709231495772,2.956800909618287,-0.019147784294334384,-0.1426663187603684
2023-06-26,40.50767135620117,42.633147684220695,39.97729771593512,42.33107342513513,594322000,40.381293869018556,33.400828475952146,56.16139789171759,2.619265675416692,2.8892938627779676,-0.038077704074373775,0.6594683643267996
2023-06-27,41.747867584228516,41.81167093605906,40.3242393713419,40.674163315350505,462175000,40.527546882629395,33.7023184967041,62.78535398953441,2.4717626946798035,2.8057876291583352,0.0301570017875805,-0.2223491642577593
2023-06-28,40.99119186401367,41.71696498768914,40.39402564201727,40.535589450400664,582639000,40.57790031433105,33.98381042480469,64.92622721759795,2.267667849530575,2.6981636732327834,-0.018291163126138134,0.26064585925244765
2023-06-29,40.69709396362305,41.4727133655292,40.475773103828736,41.430842057083,380514000,40.72703857421875,34.24616245269775,60.08726605428619,2.0584613109975294,2.570223200785733,-0.007200522525284131,-0.34691292549932295
2023-06-30,42.172569274902344,42.41981157958306,41.37402135436548,41.55247453077657,501148000,40.85345668792725,34.532760772705075,63.9274588789906,1.9887965399868222,2.4539378686259505,0.03561330399262893,0.3170290712036876
2023-07-03,42.28322219848633,42.76673879586181,42.07286928017555,42.38690406882019,198209000,41.00748748779297,34.8380598449707,62.13262441834939,1.9203785447516637,2.3472260038510933,0.002620376529990714,-0.6044900907516342
2023-07-05,42.18751525878906,43.04488054432272,41.95622290579701,42.00606914984757,323618000,41.16450805664063,35.141145668029786,56.08838975135391,1.8372553049220386,2.2452318640652824,-0.0022660387142877745,0.6327109263454234
2023-07-06,41.97416687011719,42.04993452563393,41.219483295168246,41.71596052713125,303582000,41.336629486083986,35.441499633789064,44.96276218680308,1.7341736323988286,2.1430202177319915,-0.005069975796082314,-0.0619125017767862
2023-07-07,42.37295150756836,43.08177839649904,42.050941741012366,42.192505558452375,355881000,41.587260246276855,35.76579872131347,49.16016220867055,1.6654608556898651,2.0475083453235663,0.009455868001399928,0.17227305966756923
2023-07-10,42.050926208496094,42.679995816404,41.52154907156506,42.52646773776905,353908000,41.77019824981689,36.06940246582031,47.22156238683592,1.5669578203857384,1.9513982403360008,-0.007628809990053586,-0.005543988018466894
2023-07-11,42.27524185180664,42.6271623304336,41.938278668558176,42.35100950902143,298244000,41.951391792297365,36.37210952758789,41.571566164250356,1.4898201338402046,1.8590826190368417,0.0053202031484750455,-0.15728381387253187
2023-07-12,43.76766586303711,43.80056583036438,42.64610822063504,42.90132541025079,481277000,42.171715545654294,36.69423824310303,54.73108394480064,1.5314603844928314,1.7935581721280398,0.03469370677081103,0.6137022035648663
2023-07-13,45.83632278442383,46.01377574434192,44.3558659136162,44.38178733353437,478204000,42.418707847595215,37.03459350585938,63.28290017844095,1.7116530374567276,1.7771771451937775,0.04618152824187954,-0.006385096316674166
2023-07-14,45.32987976074219,47.940865860168145,44.922130787066145,46.44046966052176,772075000,42.54192981719971,37.378775634765624,65.08695262593282,1.7929235866081754,1.7803264334766573,-0.011110438281296013,0.6145306187317547
2023-07-17,46.31884002685547,46.3537327838852,45.1235111481618,46.147369222609534,510488000,42.731747436523435,37.75087116241455,78.52033635118796,1.9150563333927622,1.8072724134598785,0.021582377935425653,-0.33881034873555027
2023-07-18,47.34867477416992,47.74944513877749,45.59406179064249,46.55810196861849,569164000,42.97111263275146,38.14834815979004,78.06746355212509,2.071072438683345,1.8600324185045718,0.02199004101344296,0.11494099763363685
2023-07-19,46.932952880859375,47.67168668562745,46.598978830711765,47.31876976791527,427502000,43.13406276702881,38.515221481323245,80.82962246307306,2.136542313861355,1.9153343975759285,-0.00881878257521295,-0.24889487037128144
2023-07-20,45.380714416503906,46.942920912803515,44.9241156620399,46.36469382160293,537865000,43.25743370056152,38.84165988922119,71.49516920983588,2.0396630244498297,1.9402001229507086,-0.03363282658193527,0.2581578565714313
2023-07-21,44.17341613769531,45.72565485492813,43.965056025974754,45.6478906079313,963769000,43.32143688201904,39.15551567077637,59.41449930895841,1.8442077295990913,1.9210016442803852,-0.026964058914728844,0.7918418190438121
2023-07-24,44.475494384765625,44.970975292246095,43.90524600694248,44.594129747804274,382516000,43.44121894836426,39.46915279388428,60.13267363252606,1.6941540370509927,1.875632122834507,0.006815186210459515,-0.6031040633180773
2023-07-25,45.53923416137695,46.04168985274926,44.78554682129327,44.80349329728166,348081000,43.692797088623045,39.81018531799317,64.21922614452703,1.6421407383221833,1.8289338459320423,0.023635894155047334,-0.09002237814888792
2023-07-26,45.31292724609375,45.912090061766605,44.49344377208364,45.88018648344698,364237000,43.87105007171631,40.15143665313721,64.1486948559841,1.564622750482748,1.7760716268421837,-0.0049818822103777465,0.04641448398504955
2023-07-27,45.759552001953125,47.24997638304764,45.61000946610031,46.37665740516835,455976000,44.10946807861328,40.48939922332764,64.29347232826055,1.5216870111844187,1.7251947037106308,0.009808195406757904,0.25186622995467234
2023-07-28,46.606956481933594,46.88310935590441,46.23908604851757,46.52520665161332,331194000,44.40496120452881,40.839126396179196,68.41259622268718,1.5383059544541453,1.6878169538593337,0.018349253862019656,-0.27365913995473445
2023-07-31,46.58601379394531,46.985787745643954,46.36369657868276,46.610938817532,251055000,44.62563343048096,41.169195671081546,67.71257811655059,1.5321253000885875,1.6566786231051847,-0.0004494478130448018,-0.24196996322397146
2023-08-01,46.36469650268555,46.75649554152621,45.886165676964275,46.31783943234634,237858000,44.82970714569092,41.46493358612061,61.91564346953092,1.492167849073894,1.6237764682989266,-0.004762044502703115,-0.0525661707593954
2023-08-02,44.133541107177734,45.699733110392835,43.254239992985966,45.69076177542876,530142000,44.92700843811035,41.724302215576174,42.30211807555539,1.2658734858273064,1.5521958718046027,-0.04931825571250067,1.228817193451555
2023-08-03,44.378787994384766,44.97994351428875,43.665975669938696,43.665975669938696,324176000,45.04723949432373,41.990330123901366,45.59633665964995,1.0937152778662593,1.4604997530169341,0.005541544715804719,-0.38851100271248085
2023-08-04,44.54328536987305,45.50233976816819,44.25716479958756,44.84735241415571,362666000,45.15575618743897,42.26937717437744,41.0994477060929,0.9594917969913794,1.3602981618118233,0.003699813936177849,0.11873180000987116
2023-08-07,45.27803421020508,45.400658953676526,44.426647163135996,44.972970743442104,322154000,45.317111587524415,42.56610969543457,39.30379257942063,0.9020090138026049,1.2686403322099797,0.01636059752466825,-0.11170608769501411
2023-08-08,44.5273323059082,45.10356277836036,43.92119104559553,44.71575315581905,353843000,45.42971611022949,42.69945892333985,37.989074310459166,0.7868082880121889,1.1722739233704216,-0.016718809122425432,0.09836599887010555
2023-08-09,42.423797607421875,44.176418044924525,42.005080711454916,44.13853230621531,586449000,45.36252269744873,42.771478729248045,36.006864261503374,0.5197814951289104,1.0417754377221193,-0.04839374063051735,0.6573706417818073
2023-08-10,42.25829315185547,43.44066481177175,41.70698393305918,42.03099019324286,492705000,45.18362121582031,42.81696212768555,39.945598187620966,0.2914463988916651,0.8917096299560285,-0.0039088469548192815,-0.15985021715443282
2023-08-11,40.72998809814453,41.889431464332574,40.51464942799337,41.623246353337215,533085000,44.95362663269043,42.87727531433106,32.579089982597935,-0.012686018671629995,0.7108305002304969,-0.036835992712381846,0.081955734161415
2023-08-14,43.61912155151367,43.665978621737146,40.187655955736346,40.36211972462702,690286000,44.81864070892334,42.95677360534668,42.36561494789133,-0.02034964847472054,0.5645944704894534,0.06853099246076569,0.29488918277572984
2023-08-15,43.80555725097656,45.129496945652136,43.57626142871844,44.423663001090375,676512000,44.64148483276367,43.04883262634277,43.98762065901428,-0.011249648523126154,0.4494256466869375,0.004265065302707078,-0.01995404803226486
2023-08-16,43.352943420410156,44.538304546583966,43.273186375605505,44.38378002605648,527451000,44.46248435974121,43.13494941711426,40.405451852212344,-0.04009776440653923,0.3515209644682422,-0.010386087317341487,-0.22033755498793817
2023-08-17,43.21137237548828,43.927173858554056,42.86941961752367,43.83545631480397,452395000,44.35401725769043,43.22854209899902,35.65534090103331,-0.07353602670888648,0.2665095662328165,-0.0032708898543074728,-0.14229947426396006
2023-08-18,43.166507720947266,43.44465333013322,41.5325230130091,42.504538056513674,583768000,44.30367183685303,43.34466552734375,35.5834207964088,-0.10247502486688376,0.19271264801287646,-0.0010387997141258867,0.29039445617215054
2023-08-21,46.82328796386719,46.920987674468684,44.08668826541733,44.35785535241688,692573000,44.421061515808105,43.513287963867185,51.49914565769393,0.16772874267662985,0.18771586694562714,0.08131577489981086,0.18638397445560573
2023-08-22,45.52825927734375,48.03955236680591,45.194285260085415,47.98770953500303,755293000,44.42051277160645,43.65082572937012,54.85661046136451,0.27420828079942794,0.20501434971638732,-0.028047469041083538,0.09056085062513275
2023-08-23,46.97183609008789,47.05557870269102,45.06967322504148,45.72566082679112,779046000,44.503458213806155,43.803038635253905,58.333864606699144,0.46966466432481724,0.25794441263807333,0.031214973789729417,0.031448722548732766
2023-08-24,47.0186882019043,50.11219423827407,47.014702631702306,50.06234798957418,1156044000,44.566415023803714,43.92548286437988,58.01638182621389,0.6211851940770643,0.3305925689258715,0.000996954023821511,0.4839226438490154
2023-08-25,45.877197265625,47.6587282173918,44.88623538665841,46.8681553415664,925341000,44.52992706298828,43.98571800231934,51.890534436741895,0.641759720258662,0.39282599919242966,-0.024576941970679642,-0.19956247340066646
2023-08-28,46.69169235229492,46.836249134555814,44.750651224061855,46.33977183033874,685192000,44.53521099090576,44.069102096557614,56.80180590587807,0.715539829220667,0.4573687651980771,0.017598052868619964,-0.25952486704901223
2023-08-29,48.634727478027344,48.93081957760332,46.249048206065815,46.5232082617889,701397000,44.64871253967285,44.19056922912598,69.71762928931868,0.9201904108963816,0.5499330943377381,0.040771577998382644,0.023650305315882303
2023-08-30,49.113258361816406,49.7742278710723,48.276824895402335,48.89393031688107,735206000,44.897698402404785,44.29935539245606,71.33812931871422,1.1082160891394892,0.6615896932980884,0.00979119319202901,0.04820237326364385
2023-08-31,49.20398712158203,49.59179683011506,48.80820246885937,49.22891214982183,528570000,45.13895835876465,44.425169219970705,78.9706647970261,1.2501380333951388,0.7792993613174986,0.0018456331862048952,-0.2810586420676654
2023-09-01,48.360572814941406,49.64762302557311,47.9946951700236,49.60974109160753,463830000,45.32982273101807,44.53451362609863,68.84606742015983,1.2798029392378325,0.8794000769015655,-0.017289788786329585,-0.12248141211192465
2023-09-05,48.399452209472656,48.70152648362675,47.71355763922135,48.07544589025944,382653000,45.485893630981444,44.66090560913086,68.47629503844504,1.291561515866512,0.9618323646945548,0.0008036251874437609,-0.17501455274561806
2023-09-06,46.920867919921875,48.40443608798967,46.441301191181296,48.296759777568035,468670000,45.60557041168213,44.789169540405275,63.25594051968741,1.168105682253966,1.003087028206437,-0.031025974191196095,0.22479112929991407
2023-09-07,46.10330581665039,46.20599974475195,45.01754791417301,45.38943829933542,433330000,45.78954582214355,44.87627830505371,60.230541872453,0.9928506513022128,1.001039752825592,-0.017577864360924237,-0.07540486909765931
2023-09-08,45.43629455566406,46.46721591183993,45.136192180115536,45.80519551015305,473069000,45.948445892333986,44.96518035888672,57.69107972749005,0.7910191657621581,0.9590356354129053,-0.014573431902532987,0.09170609004684649
2023-09-11,45.04347229003906,46.02553600450633,44.180049901886676,46.01058127939669,473966000,46.16412010192871,45.05210792541504,42.256292152659434,0.5925383719614032,0.8857361827226049,-0.008683150884559634,0.0018961293172876648
2023-09-12,44.736392974853516,45.53700334292315,44.398401689358636,44.604786051563885,349256000,46.219983673095705,45.10338439941406,46.23066651123248,0.405784546866677,0.7897458555514194,-0.006840743451322641,-0.26312013941928325
2023-09-13,45.34956359863281,45.793238253815964,44.370485369123514,44.46719666176669,398355000,46.297183990478516,45.164711227416994,41.614998436446996,0.3037570180270919,0.692548088046554,0.0136132226700524,0.1405816936573745
2023-09-14,45.44527816772461,45.8500674873585,44.99661733815953,45.81317890696642,370097000,46.40180072784424,45.2298664855957,41.90842390238161,0.22799465173527977,0.5996374007842992,0.0021083709753949463,-0.07093672729098421
2023-09-15,43.76927947998047,45.4632178335496,43.67755057038964,45.20598666420072,506831000,46.42969608306885,45.26576873779297,39.72451835713685,0.03234054178079049,0.4861780289835974,-0.03757673496379397,0.36945449436228883
2023-09-18,43.835079193115234,44.110258303658966,41.874933874444345,42.62070760166484,500271000,46.463124656677245,45.295011291503904,34.97836755261275,-0.11606928852358323,0.3657285654821613,0.0015022020937107848,-0.012943170405914417
2023-09-19,43.390411376953125,43.835082475156234,42.87395226873784,43.70247908606619,373064000,46.29148082733154,45.321800994873044,17.263797264835475,-0.266494146165023,0.23928402315272446,-0.01019591097576639,-0.25427618230918847
2023-09-20,42.113216400146484,43.772262694137574,42.09726520219276,43.47016358744601,367108000,46.12072868347168,45.318560485839846,10.265992068871,-0.48319590860753436,0.09478803680067271,-0.029876860513907724,-0.015965089099993612
2023-09-21,40.89485549926758,41.97463066173917,40.85796692750404,41.45917191816058,450736000,45.81687965393066,45.26110427856445,8.187832064040393,-0.7446611686128719,-0.0731018042820362,-0.029357347444100512,0.22780217265763758
2023-09-22,41.4860954284668,41.98959271748376,41.10822239223327,41.44820657571994,479236000,45.54025001525879,45.17409973144531,14.506317396228269,-0.8938622620870476,-0.2372538958430385,0.014354048454937,0.06322991729083105
2023-09-25,42.09627914428711,42.409343350786685,41.054388777119094,41.46715750384496,419091000,45.3512041091919,45.10942771911621,19.268974839578647,-0.9518956171129176,-0.38018224009701435,0.014601034233193746,-0.1255018404293501
2023-09-26,41.786197662353516,42.69249125804407,41.53095945617028,41.875929814501234,402282000,45.105929374694824,45.018774871826174,21.74681464421954,-1.011251376821754,-0.5063960674419623,-0.007393269873983163,-0.04010823424984078
2023-09-27,42.3415412902832,42.744341431006085,41.50504268914909,42.20395553022343,444935000,44.791270065307614,44.91863220214844,28.686086833980752,-1.0019300287608246,-0.6055028597057348,0.013202582205698388,0.10602761247085368
2023-09-28,42.960689544677734,43.316624912259975,41.989590912054574,42.333560978932496,424663000,44.483641624450684,44.839186935424806,35.896890933406695,-0.933818228319673,-0.6711659334285225,0.014516833182225389,-0.04556171126119546
2023-09-29,43.36947250366211,44.01255232767132,43.178042888017536,43.696494927606466,397830000,44.191915893554686,44.798962097167966,40.48081299070573,-0.8372030121197866,-0.7043733491667753,0.00947029414685142,-0.06318657382442072
2023-10-02,44.648651123046875,45.04047860898654,43.73039221652358,43.89888769595612,433298000,44.00631980895996,44.808466796875,49.550726794778186,-0.6499238159767131,-0.6934834425287628,0.029068301783616208,0.08915365859789359
2023-10-03,43.38741683959961,44.995616545503985,43.11722389309479,44.67457296774722,470850000,43.755718040466306,44.78670524597168,40.57831538927357,-0.596399843706827,-0.6740667227643756,-0.028654632360260286,0.08666552811229233
2023-10-04,43.90986251831055,44.0115599865903,43.16309221624776,43.611753042966086,361821000,43.60516777038574,44.754117813110355,42.917602774821646,-0.5059919498237733,-0.6404517681762552,0.01196948908481149,-0.23155782096208988
2023-10-05,44.554935455322266,44.76630599321606,43.75731831894087,43.91883469559828,393483000,43.52774925231934,44.73895797729492,54.004879242064625,-0.37793445451476515,-0.5879483054439572,0.014583978831326637,0.08750735861102599
2023-10-06,45.625736236572266,45.65265626506475,43.89490543600504,44.061407980133865,434436000,43.537221336364745,44.736281661987306,58.2795485749038,-0.18787755735510814,-0.5079341558261874,0.023749016052549393,0.10407819397534324
2023-10-09,45.13818359375,45.46919568500271,44.23587974540924,44.70846728115123,409675000,43.54195690155029,44.706906204223635,58.049338052943114,-0.07572461447961132,-0.4214922475568722,-0.01074341727879919,-0.056995737001537594
2023-10-10,45.66162872314453,46.121254553965194,44.95374378600032,45.17508286360557,368582000,43.588218688964844,44.688418502807615,67.56140578090906,0.05476376549682982,-0.3262410449461318,0.011529779957526156,-0.100306340391774
2023-10-11,46.666622161865234,46.71946573957931,45.91287284021887,46.05843799423147,378137000,43.65407161712646,44.69445701599121,79.18127626352279,0.23654457950171093,-0.21368392005656328,0.021770869123241044,0.025923675057382134
2023-10-12,46.805213928222656,47.46723822927066,46.19204731268838,46.63771490362162,481325000,43.72206840515137,44.74789047241211,78.18268544737582,0.38732553389300506,-0.09348202926664961,0.0029654251743930333,0.2728852241383415
2023-10-13,45.325626373291016,46.97570075879303,45.14516559213605,46.82016325151491,474115000,43.799885749816895,44.766827239990235,65.66692230590542,0.38301501760793855,0.0018173801082680269,-0.03212202929713419,-0.014979483716823339
2023-10-16,45.95774459838867,46.08735476029038,44.77826474104746,44.928816083518186,375099000,43.906019020080564,44.79511642456055,69.6247214788611,0.4256983744567009,0.0865935789779546,0.013849802490637468,-0.2088438459023655
2023-10-17,43.807159423828125,44.620731393430276,42.35350093093971,43.86897507163302,812333000,43.926856422424315,44.76569892883301,55.99506542247405,0.2827318352768913,0.12582123023774194,-0.047925117444560565,1.1656496018384481
2023-10-18,42.070350646972656,43.090307040885016,41.700456999229225,42.464174898094846,627294000,43.924713134765625,44.7165592956543,46.6631973385297,0.02895015046917848,0.10644701428402925,-0.04045402877603031,-0.22778712670788948
2023-10-19,41.97563552856445,43.16807328895168,41.75728589082115,42.683520414055806,501233000,43.97875213623047,44.70759605407715,44.65025311978036,-0.17776719209329883,0.04960417300856364,-0.0022538889199673956,-0.20095999642910656
2023-10-20,41.26376724243164,42.34354268783243,40.955685402910255,41.7652678682802,477266000,43.96763572692871,44.687705535888675,36.416802423071964,-0.39448660077714237,-0.03921398174857757,-0.0171045350639821,-0.04781608553307548
2023-10-23,42.8470344543457,43.119224175669935,40.82308027803106,41.10623502417962,478530000,44.00517349243164,44.7300464630127,47.88613436173966,-0.43348491716275817,-0.11806816883141369,0.03765162661918592,0.002648418282467313
2023-10-24,43.532981872558594,43.5668810255137,42.56387990123347,42.9487282788918,401463000,44.092512702941896,44.72832366943359,48.544340184473654,-0.4043797024260982,-0.1753304755503506,0.0158824197211174,-0.16104946398344933
2023-10-25,41.65459060668945,43.52002136864502,41.431258603349754,43.26876906154992,398379000,44.05816516876221,44.68530433654785,39.772156775595704,-0.5268113337139937,-0.24562664718307925,-0.04410727358285394,-0.007681903438174875
2023-10-26,40.20592498779297,42.130178498809435,39.76125385517592,41.72837859858881,541001000,43.92042694091797,44.62236396789551,31.383583832842973,-0.7322930733106148,-0.34295993240858635,-0.03539720866671767,0.3580058185797945
2023-10-27,40.3794059753418,41.08330504631517,39.895849517473295,41.00753113322634,416784000,43.77092361450195,44.56572463989258,33.293701991414665,-0.8710988808447055,-0.4485877220958102,0.004305529392720277,-0.22960586024794782
2023-10-30,41.0384407043457,41.64163883518823,40.36046512846642,40.96466353742525,388028000,43.590413093566895,44.523163299560544,33.92276342415116,-0.9173502459056309,-0.5423402268577744,0.016189303693985305,-0.06899497101616181
2023-10-31,40.65856170654297,40.75726972821826,39.113178148142396,40.32954637763823,517969000,43.45397033691406,44.39986877441406,28.157179624941506,-0.9734366742435512,-0.6285595163349298,-0.009299771703535855,0.3348753182760007
2023-11-01,42.198974609375,42.2548076213784,40.74730869060931,40.762263418347544,437593000,43.36842594146729,44.33328308105469,34.80266718352367,-0.8834037962283219,-0.6795283723136083,0.037186488487032654,-0.15517530971930749
2023-11-02,43.37644958496094,43.75332234424489,42.76627246802236,43.19897822868172,409172000,43.30950164794922,44.26137535095215,43.43828599886017,-0.7088683091755996,-0.6853963596860067,0.027520735144068522,-0.06494847952320992
2023-11-03,44.87098693847656,45.174078747791896,43.59280293696078,43.888919424366684,424610000,43.27176418304443,44.21842132568359,46.542307028503416,-0.44482335739599677,-0.6372817592280048,0.03387475771993892,0.03772985443774246
2023-11-06,45.614768981933594,45.798223011195105,44.765304753189504,45.15015696243412,400733000,43.295593452453616,44.21317276000977,56.31666198325383,-0.1735482793738541,-0.5445350632571747,0.016440130010185617,-0.0562327783142178
2023-11-07,45.81816101074219,46.080374555632474,45.02353336587058,45.582863690228386,343165000,43.303420066833496,44.19570213317871,64.66870716813234,0.05719193823361479,-0.42418966295901683,0.004448995877361562,-0.14365674900744385
2023-11-08,46.43532180786133,46.72744863605115,45.831123444068034,45.96273036829276,346719000,43.291855049133304,44.15171401977539,66.76914894288437,0.2865517513631204,-0.2820413800945894,0.013379874348355102,0.010356534028819864
2023-11-09,46.81019592285156,48.08638320008785,46.610790709948866,47.32565472798377,540496000,43.292104148864745,44.105652770996095,71.39776274369272,0.492888551434028,-0.12705539378886593,0.008040625303978198,0.5588877448308285
2023-11-10,48.19107437133789,48.32766746778713,47.14220871523475,47.358561621942854,421245000,43.43537654876709,44.08539451599121,70.94402301153268,0.7590870197285611,0.05017308891461947,0.029072784096315814,-0.2206325301204819
2023-11-13,48.4752197265625,48.96974494304787,47.9557712363459,48.176113818422,384136000,43.56125030517578,44.087687454223634,69.99916642997394,0.9816633748521255,0.2364711461021207,0.0058789090085979295,-0.088093627224062
2023-11-14,49.50813293457031,49.68560428700353,48.89396993275051,49.53206353654858,416954000,43.84629898071289,44.109861068725586,84.11429809941728,1.2272571468857123,0.43462834625883906,0.021084223887573066,0.08543328404523387
2023-11-15,48.742431640625,49.811238255169,48.056480502384446,49.78631497714017,475497000,44.17990303039551,44.14629234313965,89.41987903078063,1.3446064987125723,0.6166239767495858,-0.015587020792947926,0.14040637576327364
2023-11-16,49.33266067504883,49.37752865421783,48.186087364869636,48.534047157885986,339756000,44.54775428771973,44.210879440307615,89.8120065570745,1.468307520710873,0.7869606855418432,0.012036413043681454,-0.28547183262985887
2023-11-17,49.151206970214844,49.56895804695832,48.861073108178935,49.37653194691317,325205000,44.94212627410889,44.28517768859863,87.67479869518127,1.5340164871819155,0.9363718458698577,-0.0036849468750556817,-0.0428277940639753
2023-11-20,50.25889587402344,50.39748190834169,49.0345518906684,49.16516232495467,414120000,45.31271934509277,44.389486160278324,91.76003201856334,1.656378849396873,1.080373246575261,0.02228616042692144,0.2734121554096647
2023-11-21,49.7952766418457,50.366568411025234,49.07542649691953,49.97673388984551,565747000,45.62583408355713,44.490663833618164,86.45810638463817,1.6963868143841978,1.2035759601370484,-0.009267430606581951,0.36614266396213657
2023-11-22,48.57093811035156,50.18511670142029,47.547992253967436,49.703557028583894,899420000,45.97165145874023,44.55509132385254,74.81906576914636,1.6107320116267587,1.2850071704349904,-0.024894762207250502,0.5897919034480077
2023-11-24,47.63373947143555,48.77533048753054,47.60282974083701,48.32567320692598,294645000,46.34304218292236,44.598860549926755,63.94290838566295,1.450505342981593,1.318106804944311,-0.01948404820224847,-0.6724055502434902
2023-11-27,48.09834671020508,48.38548731555285,47.510103445888454,47.65766154840481,395662000,46.72898921966553,44.68544189453125,62.89741380164225,1.3455043385263323,1.3235863116607152,0.009706482018171984,0.3428430823533404
2023-11-28,47.6786003112793,48.17910819028839,47.33163699319086,48.09236545909725,401491000,47.06099720001221,44.76231231689453,59.449077785755826,1.2144211683006176,1.3017532829886957,-0.008765138153175707,0.014732271484246606
2023-11-29,47.99665832519531,48.61680790876067,47.71749326678707,48.234948902912635,382005000,47.42790203094482,44.854437255859374,58.178431456394016,1.1232532705922793,1.2660532805094125,0.006648723820728983,-0.04853408918257196
2023-11-30,46.63072967529297,47.96673960192544,46.283766368785,47.88099334816859,526247000,47.64948978424072,44.94478752136231,49.148359824219554,0.9300618542121484,1.1988549952499596,-0.0288716313673897,0.3775919163361736
2023-12-01,46.62574768066406,47.05945375436282,46.04946966832762,46.38646445632827,369317000,47.81195468902588,45.05940536499023,41.456209484554634,0.7677046383403692,1.1126249238680417,-0.00010684501012466444,-0.2982059755210006
2023-12-04,45.374481201171875,45.93979415914972,44.87597007312704,45.93979415914972,437543000,47.83712940216064,45.137173080444335,34.691840519728615,0.5319367912068032,0.9964872973357941,-0.027203054945155854,0.18473560653855636
2023-12-05,46.43142318725586,46.46532151700449,45.140163841646064,45.33459997495961,371718000,47.87796211242676,45.22387596130371,34.8464221149449,0.42547089514923186,0.8822840168984817,0.023026594946219694,-0.15044235652267324
2023-12-06,45.37148666381836,47.25004424942053,45.2807500654452,47.078540477295284,380590000,47.855628395080565,45.29558174133301,33.86489333924929,0.25265543175129324,0.756358299869044,-0.02309259319220351,0.023867555512512073
2023-12-07,46.461334228515625,46.49423979899288,45.47220061553475,45.56792383673814,350823000,47.856929016113284,45.37797760009766,36.88366644861322,0.20131884385979504,0.6453504086671943,0.02373658402906983,-0.07821277490212564
2023-12-08,47.36871337890625,47.60303486322498,46.41547483619609,46.46034676903338,359224000,47.88485488891602,45.46613807678223,42.36393099282788,0.2311871605701583,0.5625177590477871,0.019341510751545037,0.023946548544422797
2023-12-11,46.49224090576172,47.393627560593224,45.69754725900702,47.353746056504626,509728000,47.799913215637204,45.52859344482422,33.53781178601487,0.18203561984372385,0.4864213312069745,-0.018676519042718536,0.41896977930205104
2023-12-12,47.519264221191406,47.52823708369172,45.91292023901418,45.91292023901418,372387000,47.752115440368655,45.58600570678711,40.519559348588444,0.22337988381206486,0.4338130417279926,0.021849754945156636,-0.26943977964718435
2023-12-13,47.94902801513672,48.45356620387965,47.47041566072205,47.49135487990882,447792000,47.674160194396975,45.67723793029785,47.22588255152783,0.28750962536908276,0.4045523584562107,0.009003338950192284,0.20249095698829445
2023-12-14,48.210262298583984,48.52933716331639,47.28494671232897,48.25014760759364,391232000,47.647551727294925,45.76324592590332,52.73669678387607,0.35531646401075534,0.39470517956711965,0.005433378829355992,-0.12630864329867442
2023-12-15,48.74871063232422,49.26122514658979,47.98093542326529,48.054722876785625,479948000,47.61835422515869,45.84712142944336,53.06572144046776,0.4473454329997608,0.40523323025364794,0.011106839373098984,0.22676059218059863
2023-12-18,49.93227005004883,50.2872401555101,49.007951067399034,49.25722853202736,412587000,47.65740737915039,45.93325210571289,59.90986306351521,0.6087649442142009,0.44593957304575854,0.023988739604142394,-0.14035062131730935
2023-12-19,49.46064376831055,49.55636699628033,48.75369315436852,49.281163666785375,464444000,47.61749477386475,46.0197013092041,56.351671849734615,0.6906731206200192,0.4948862825606107,-0.00949021018361195,0.12568743077217648
2023-12-20,47.971954345703125,49.85449831929735,47.95899143016388,49.511490749608875,397894000,47.52632865905762,46.06590782165527,55.757727211391455,0.6282194231730429,0.5215529106830972,-0.03056072226422211,-0.14328961080345537
2023-12-21,48.848411560058594,48.953107634299236,48.27905890346602,48.669928050969844,300425000,47.54020233154297,46.10954360961914,58.877413087411114,0.6420460827495162,0.545651545096381,0.01810530559490028,-0.24496222612052454
2023-12-22,48.68887710571289,49.24027646361489,48.32692345139222,49.05282008065704,252507000,47.59295921325683,46.147216873168944,64.50258504682193,0.6328357759998084,0.5630883912770666,-0.0032712534620174243,-0.15950070733128063
2023-12-26,49.13657760620117,49.456649028909844,48.81849930781512,48.82647560877794,244200000,47.64487075805664,46.22343589782715,62.50340293421088,0.6541219200268884,0.581295097027031,0.009153111068631634,-0.032898097874514365
2023-12-27,49.27418518066406,49.536425600159234,48.94314392704513,49.36791528650649,233648000,47.72465000152588,46.28976470947266,69.71987332329738,0.6743219599479744,0.5999004696112197,0.002796597856805177,-0.043210483210483264
2023-12-28,49.37887954711914,49.73983287122963,49.26919684127221,49.49953204501984,246587000,47.79376106262207,46.401199111938475,66.3719579938461,0.6908153086637796,0.6180834374217317,0.0021224764997854846,0.0553781757173184
2023-12-29,49.37887954711914,49.85250906748791,48.61010784761711,49.66903891502132,389293000,47.93116855621338,46.547369689941405,62.55912491080319,0.6958649088409601,0.6336397317055774,0.0,0.5787247502909723
